Source,Mutation,FC,EC50,Context,Subtype,Quality,Notes,source_file,EC50_nM,Sample_Size,IC50,Prevalence,PDB_ID,Concentration,Measurement_Type,Value,Type,Infectivity_WT,Clinical_Context,Combination,Model,Synergy_Score,P_value,Interaction_Type,Count,Percentage,Parameter,Unit,Replication_Capacity,Infectivity_Percent_WT,Subtype_Prevalence,FC_numeric,log10_FC,outlier_flag
NATAP2022,Q67H,6.0,,In_vitro,B,3.0,Low-level resistance,natap2022_extracted_quantitative.csv,,,,,,,,,,,,,,,,,,,,,,,,6.0,0.7781512503836436,False
NATAP2022,M66I,,,Fitness,B,3.0,1.5% replication capacity vs WT,natap2022_extracted_quantitative.csv,,,,,,,,,,,,,,,,,,,,,,,,,,False
NATAP2022,WT,,105pmol/l,In_vitro,Mixed,3.0,MT-4 cells mean EC50,natap2022_extracted_quantitative.csv,,,,,,,,,,,,,,,,,,,,,,,,,,False
NATAP2022,WT,,885pmol/l,In_vitro,HIV-2,3.0,HIV-2 isolates,natap2022_extracted_quantitative.csv,,,,,,,,,,,,,,,,,,,,,,,,,,False
NATAP2022,Clinical_isolates,,0.24nmol/l,Clinical,A/B/C/D/G/H,3.0,Mean across subtypes,natap2022_extracted_quantitative.csv,,,,,,,,,,,,,,,,,,,,,,,,,,False
CAPELLA_W26,Multiple,,,Clinical,Mixed,3.0,81% RNA <50 copies/ml (29/36),natap2022_extracted_quantitative.csv,,,,,,,,,,,,,,,,,,,,,,,,,,False
CALIBRATE_W28,Multiple,,,Clinical,Mixed,3.0,94% viral suppression (147/157),natap2022_extracted_quantitative.csv,,,,,,,,,,,,,,,,,,,,,,,,,,False
Screening_1500,None_detected,,,Natural,Mixed,3.0,No resistance in 1500 PWH baseline,natap2022_extracted_quantitative.csv,,,,,,,,,,,,,,,,,,,,,,,,,,False
PMC9039614,M66I,<0.2%,,Natural,B,3.0,Prevalence in subtype B,pmc9039614_capsid_diversity_extracted.csv,,,,,,,,,,,,,,,,,,,,,,,,,,False
PMC9039614,M66I,<0.2%,,Natural,C,3.0,Prevalence in subtype C,pmc9039614_capsid_diversity_extracted.csv,,,,,,,,,,,,,,,,,,,,,,,,,,False
PMC9039614,M66I,<0.2%,,Natural,A1,3.0,Prevalence in subtype A1,pmc9039614_capsid_diversity_extracted.csv,,,,,,,,,,,,,,,,,,,,,,,,,,False
PMC9039614,N74S,10%,,Natural,CRF45_cpx,2.0,Only 10 sequences available,pmc9039614_capsid_diversity_extracted.csv,,,,,,,,,,,,,,,,,,,,,,,,,,False
PMC9039614,Conservation,89%,,Natural,Overall,3.0,HIV-1 p24 conservation,pmc9039614_capsid_diversity_extracted.csv,,,,,,,,,,,,,,,,,,,,,,,,,,False
PMC9039614,Conservation,94%,,Natural,Group_M,3.0,Group M conservation,pmc9039614_capsid_diversity_extracted.csv,,,,,,,,,,,,,,,,,,,,,,,,,,False
PMC9039614,Conservation,96%,,Natural,Group_N,3.0,Group N conservation,pmc9039614_capsid_diversity_extracted.csv,,,,,,,,,,,,,,,,,,,,,,,,,,False
PMC9039614,Conservation,95%,,Natural,Group_O,3.0,Group O conservation,pmc9039614_capsid_diversity_extracted.csv,,,,,,,,,,,,,,,,,,,,,,,,,,False
PMC8092519,GCSMs_median,0.8,,In_vitro,Mixed,3.0,Treatment-naive isolates,pmc_extracted_batch1.csv,,15.0,,,,,,,,,,,,,,,,,,,,,,0.8,-0.09691001300805639,False
PMC8092519,SDM_GCSMs,1.0,,In_vitro,Mixed,3.0,Site-directed mutagenesis,pmc_extracted_batch1.csv,,19.0,,,,,,,,,,,,,,,,,,,,,,1.0,0.0,False
PMC8092519,Multiclass_resistant,0.65,,In_vitro,Mixed,3.0,No cross-resistance,pmc_extracted_batch1.csv,,40.0,,,,,,,,,,,,,,,,,,,,,,0.65,-0.18708664335714442,False
PMC8092519,WT,,,In_vitro,B,3.0,Wild-type EC50,pmc_extracted_batch1.csv,0.095,,,,,,,,,,,,,,,,,,,,,,,,,False
PMC12077089,L56V,72.0,,In_vitro,Mixed,3.0,Steric clash with di-fluoro-benzyl,pmc_extracted_batch1.csv,,10057.0,,,,,,,,,,,,,,,,,,,,,,72.0,1.8573324964312685,False
PMC12077089,N57H,4890.0,,In_vitro,Mixed,3.0,H-bond loss,pmc_extracted_batch1.csv,,10057.0,,,,,,,,,,,,,,,,,,,,,,4890.0,3.6893088591236203,False
PMC12077089,L56V,,,Fitness,Mixed,3.0,0.6% WT infectivity,pmc_extracted_batch1.csv,,,,,,,,,,,,,,,,,,,,,,,,,,False
PMC12077089,N57H,,,Fitness,Mixed,3.0,12% WT infectivity,pmc_extracted_batch1.csv,,,,,,,,,,,,,,,,,,,,,,,,,,False
PMC12077089,Q67H,,,Natural,Mixed,3.0,0.12% prevalence,pmc_extracted_batch1.csv,,10057.0,,,,,,,,,,,,,,,,,,,,,,,,False
PMC12077089,All_RAMs,,,Natural,Mixed,3.0,0.51% overall prevalence,pmc_extracted_batch1.csv,,10057.0,,,,,,,,,,,,,,,,,,,,,,,,False
PMC12077089,Impaired_mutants,,,Fitness,Mixed,3.0,74% show impaired infectivity (40/54),pmc_extracted_batch1.csv,,54.0,,,,,,,,,,,,,,,,,,,,,,,,False
PMC12077089,CAPELLA_RAMs,,,Clinical,Mixed,3.0,19% emergence (14/72 patients),pmc_extracted_batch1.csv,,72.0,,,,,,,,,,,,,,,,,,,,,,,,False
PMID35028668,Q67H,,,Clinical,Mixed,3.0,Emerged Day 10 in 2/29 participants,pmc_extracted_batch2.csv,,,,,,,,,,,,,,,,,,,,,,,,,,False
PMID35028668,Seven_RAMs,,,In_vitro,Mixed,3.0,Identified through in vitro selections,pmc_extracted_batch2.csv,,,,,,,,,,,,,,,,,,,,,,,,,,False
PMID35028668,Baseline,,,Clinical,Mixed,3.0,No pre-existing resistance in 29 participants,pmc_extracted_batch2.csv,,,,,,,,,,,,,,,,,,,,,,,,,,False
PMC8549334,PF74,,500nM,In_vitro,Mixed,3.0,MT-2 cells,pmc_extracted_batch2.csv,,,,,,,,,,,,,,,,,,,,,,,,,,False
PMC8549334,GS-CA1,,240pM,In_vitro,Mixed,3.0,MT-4 cells; 2000-fold higher potency than PF74,pmc_extracted_batch2.csv,,,,,,,,,,,,,,,,,,,,,,,,,,False
PMC8549334,M66I,,,Fitness,Mixed,3.0,Highest resistance but drastically decreased infectivity,pmc_extracted_batch2.csv,,,,,,,,,,,,,,,,,,,,,,,,,,False
PMC8549334,Q67H,,,Clinical,Mixed,3.0,Emerged in humanized animal and one patient,pmc_extracted_batch2.csv,,,,,,,,,,,,,,,,,,,,,,,,,,False
PMC8549334,H87Q,,,Binding,Mixed,3.0,Reduces CA-CypA binding by 5-fold,pmc_extracted_batch2.csv,,,,,,,,,,,,,,,,,,,,,,,,,,False
PMC8549334,G89V,,,Binding,Mixed,3.0,Blocks CypA binding entirely,pmc_extracted_batch2.csv,,,,,,,,,,,,,,,,,,,,,,,,,,False
PMC8549334,P90A,,,Binding,Mixed,3.0,Blocks CypA binding entirely,pmc_extracted_batch2.csv,,,,,,,,,,,,,,,,,,,,,,,,,,False
HIV2_CID2025,N73D,30.0,,Clinical,HIV-2,3.0,IC50 from 1.25nM to 37.62nM,multi_source_batch_2026.csv,,8.0,37.62nM,,,,,,,,,,,,,,,,,,,,,30.0,1.4771212547196624,False
HIV2_CID2025,Q66H+R69K,,,Clinical,HIV-2,3.0,Emerged in 1 patient,multi_source_batch_2026.csv,,8.0,,,,,,,,,,,,,,,,,,,,,,,,False
HIV2_CID2025,N73D+A76V,,,Clinical,HIV-2,3.0,Secondary mutation at 12-17 months,multi_source_batch_2026.csv,,8.0,,,,,,,,,,,,,,,,,,,,,,,,False
PK_PMC10994821,Hepatic_impaired,,,PK,Mixed,3.0,Half-life 12.6 days; Cmax 61.1 ng/mL,multi_source_batch_2026.csv,,,,,,,,,,,,,,,,,,,,,,,,,,False
PK_PMC10994821,Normal_hepatic,,,PK,Mixed,3.0,Half-life 13.1 days; Cmax 23.4 ng/mL,multi_source_batch_2026.csv,,,,,,,,,,,,,,,,,,,,,,,,,,False
PK_PMC10994821,Renal_impaired,,,PK,Mixed,3.0,Half-life 9.73 days; Cmax 51.5 ng/mL,multi_source_batch_2026.csv,,,,,,,,,,,,,,,,,,,,,,,,,,False
PK_PMC10994821,Normal_renal,,,PK,Mixed,3.0,Half-life 13.3 days; Cmax 19.7 ng/mL,multi_source_batch_2026.csv,,,,,,,,,,,,,,,,,,,,,,,,,,False
Global_JID2025,Subtype_C,,,Natural,C,3.0,Global prevalence 2010-2021,multi_source_batch_2026.csv,,610000.0,23.0%,,,,,,,,,,,,,,,,,,,,,,,False
Global_JID2025,Subtype_A,,,Natural,A,3.0,Global prevalence 2010-2021,multi_source_batch_2026.csv,,610000.0,16.7%,,,,,,,,,,,,,,,,,,,,,,,False
Global_JID2025,CRF01_AE,,,Natural,CRF01_AE,3.0,Global prevalence 2010-2021,multi_source_batch_2026.csv,,610000.0,9.5%,,,,,,,,,,,,,,,,,,,,,,,False
Global_JID2025,CRFs_URFs,,,Natural,Mixed,3.0,Combined CRFs/URFs prevalence,multi_source_batch_2026.csv,,610000.0,29%,,,,,,,,,,,,,,,,,,,,,,,False
Global_JID2025,CRF02_AG,,,Natural,CRF02_AG,3.0,West/Central Africa dominant,multi_source_batch_2026.csv,,,46.9%,,,,,,,,,,,,,,,,,,,,,,,False
PMC12343105,K65R,,,Natural,B,3.0,Declined from 1.5% (2018) to 0.7% (2024) RNA,resistance_trends_uganda_2025.csv,,,,0.7%,,,,,,,,,,,,,,,,,,,,,,False
PMC12343105,M184V,,,Natural,B,3.0,Decreased from 11.9% (2018) to 8.6% (2024) RNA,resistance_trends_uganda_2025.csv,,,,8.6%,,,,,,,,,,,,,,,,,,,,,,False
PMC12343105,T215F,,,Natural,B,3.0,Fell from 8.9% (2018) to 4.5% (2024) DNA,resistance_trends_uganda_2025.csv,,,,4.5%,,,,,,,,,,,,,,,,,,,,,,False
PMC12343105,Q148H,,,Natural,B,3.0,INSTI mutation declined to 1.2% RNA,resistance_trends_uganda_2025.csv,,,,1.2%,,,,,,,,,,,,,,,,,,,,,,False
PMC12343105,R263K,,,Natural,B,3.0,Increased from 0.5% to 1.5% (2024) RNA,resistance_trends_uganda_2025.csv,,,,1.5%,,,,,,,,,,,,,,,,,,,,,,False
Uganda_JAC2025,M66I,,,Natural,A1/D,3.0,No major RAMs detected,resistance_trends_uganda_2025.csv,,546.0,,0%,,,,,,,,,,,,,,,,,,,,,,False
Uganda_JAC2025,Q67H,,,Natural,A1/D,3.0,No major RAMs detected,resistance_trends_uganda_2025.csv,,546.0,,0%,,,,,,,,,,,,,,,,,,,,,,False
Uganda_JAC2025,T107A,,,Natural,A1/D,3.0,Most common minor mutation (9/546),resistance_trends_uganda_2025.csv,,546.0,,1.6%,,,,,,,,,,,,,,,,,,,,,,False
Uganda_JAC2025,L56M,,,Natural,A1,3.0,Common polymorphism in A1,resistance_trends_uganda_2025.csv,,546.0,,47.3%,,,,,,,,,,,,,,,,,,,,,,False
Uganda_JAC2025,T107S,,,Natural,A1/D,3.0,Minor polymorphism,resistance_trends_uganda_2025.csv,,546.0,,1.6%,,,,,,,,,,,,,,,,,,,,,,False
EMJ2025,Q67H,4.7,,Clinical,Mixed,3.0,One participant developed Q67H with 4.7-fold change,clinical_trials_2025_extracted.csv,,,,,,,,,,,,,,,,,,,,,,,,4.7,0.6720978579357175,False
PMID39873394,Multiple,,,Clinical,Mixed,3.0,82% achieved RNA suppression after 2 years,clinical_trials_2025_extracted.csv,,,,,,,,,,,,,,,,,,,,,,,,,,False
PMID41499523,RAMs,,,Fitness,Mixed,3.0,Resistance mutations associated with replication defects,clinical_trials_2025_extracted.csv,,,,,,,,,,,,,,,,,,,,,,,,,,False
WHO2025,RAMs,,,Natural,Mixed,3.0,LEN RAMs rare in treatment-naive individuals,clinical_trials_2025_extracted.csv,,,,,,,,,,,,,,,,,,,,,,,,,,False
Structural_2025,M66I,3200.0,444nM,In_vitro,B,3.0,KFA-027 vs M66I; >20-fold improvement over LEN,structural_mechanism_2025.csv,,,,,9N0V,,,,,,,,,,,,,,,,,,,3200.0,3.505149978319906,False
Structural_2025,LEN_binding,,,Structural,B,3.0,LEN bound to CA hexamer,structural_mechanism_2025.csv,,,,,6VKV,,,,,,,,,,,,,,,,,,,,,False
Structural_2025,M66I_apo,,,Structural,B,3.0,Apo CA(M66I) hexamer structure,structural_mechanism_2025.csv,,,,,7RAO,,,,,,,,,,,,,,,,,,,,,False
DDI_2024,Lenacapavir,,,DDI,Mixed,3.0,80% of 1073 comedications have no significant DDI,structural_mechanism_2025.csv,,,,,,,,,,,,,,,,,,,,,,,,,,False
Mechanism_2025,LEN_core,,,Mechanism,B,3.0,Disrupts core integrity while stabilizing lattice,structural_mechanism_2025.csv,,,,,,,,,,,,,,,,,,,,,,,,,,False
Mechanism_2025,LEN_vs_PF74,,,Mechanism,B,3.0,LEN permits docking but blocks nuclear import,structural_mechanism_2025.csv,,,,,,,,,,,,,,,,,,,,,,,,,,False
IP6_assembly,IP6_immature,,,Assembly,Mixed,3.0,Drives immature VLP assembly,assembly_calibrate_2025.csv,,,,,,3uM,,,,,,,,,,,,,,,,,,,,False
IP6_assembly,IP6_mature,,,Assembly,Mixed,3.0,100-fold higher for mature capsid assembly,assembly_calibrate_2025.csv,,,,,,200uM,,,,,,,,,,,,,,,,,,,,False
IP6_assembly,IP6_stability,,,Mechanism,Mixed,3.0,Capsids stable for hours vs minutes without IP6,assembly_calibrate_2025.csv,,,,,,,,,,,,,,,,,,,,,,,,,,False
CALIBRATE_W28,Overall,,,Clinical,Mixed,3.0,High viral suppression rates achieved,assembly_calibrate_2025.csv,,182.0,,,,,,,,,,,,,,,,,,,,,,,,False
CALIBRATE_W28,Resistance,0.6%,,Clinical,Mixed,3.0,1/157 developed Q67H+K70R resistance,assembly_calibrate_2025.csv,,157.0,,,,,,,,,,,,,,,,,,,,,,,,False
CALIBRATE_W28,Baseline,,,Natural,Mixed,3.0,65% capsid residues <1% variation,assembly_calibrate_2025.csv,,182.0,,,,65%,,,,,,,,,,,,,,,,,,,,False
PMID40231850,M66I,3200,,In_vitro,Subtype_B,3.0,"Highest resistance, steric hindrance",web_search_extracted_2026.csv,,,,,,,,,,,,,,,,,,,,,,,,3200.0,3.505149978319906,False
PMC9600929,M66I,Complete,,In_vitro,Subtype_B,3.0,Complete resistance to LEN+KFA-012,web_search_extracted_2026.csv,,,,,,,,,,,,,,,,,,,,,,,,,,False
PMC9600929,Q67H,5,,In_vitro,Subtype_B,3.0,"Kd fold change, dissociation rate affected",web_search_extracted_2026.csv,,,,,,,,,,,,,,,,,,,,,,,,5.0,0.6989700043360189,False
PMC9600929,N74D,20,,In_vitro,Subtype_B,3.0,"Kd fold change, both kon and koff affected",web_search_extracted_2026.csv,,,,,,,,,,,,,,,,,,,,,,,,20.0,1.3010299956639813,False
PMC9600929,Q67H+N74D,150,,In_vitro,Subtype_B,3.0,Double mutant synergy,web_search_extracted_2026.csv,,,,,,,,,,,,,,,,,,,,,,,,150.0,2.1760912590556813,False
PMC9600929,Q67H+K70R,0.59,,In_vitro,Subtype_B,3.0,1.7-fold improved potency with KFA-012,web_search_extracted_2026.csv,,,,,,,,,,,,,,,,,,,,,,,,0.59,-0.22914798835785583,False
CALIBRATE_W28,Q67H+K70R,,,Clinical,Subtype_B,3.0,"1/157 treatment-naive, emergent resistance",web_search_extracted_2026.csv,,,,,,,,,,,,,,,,,,,,,,,,,,False
CAPELLA_3yr,M66I+Q67H+K70H+N74D,,,Clinical,Mixed,3.0,19% emergence rate (14/72 patients),web_search_extracted_2026.csv,,,,,,,,,,,,,,,,,,,,,,,,,,False
PMID41499523,All_RAMs,,,Fitness,Mixed,3.0,All RAMs show substantial replication defects,web_search_extracted_2026.csv,,,,,,,,,,,,,,,,,,,,,,,,,,False
PMC12077089,L56V,72.0,,In_vitro,CRF02_AG,3.0,Steric clash with di-fluoro-benzyl,supplementary_mutations_2026.csv,,,,,,,,,,,,,,,,,,,,,,,,72.0,1.8573324964312685,False
PMC12077089,N57H,4890.0,,In_vitro,Subtype_D,3.0,H-bond loss with LEN,supplementary_mutations_2026.csv,,,,,,,,,,,,,,,,,,,,,,,,4890.0,3.6893088591236203,False
CAPELLA_2yr,K70R,,,Clinical,Mixed,3.0,Treatment-emergent,supplementary_mutations_2026.csv,,,,,,,,,,,,,,,,,,,,,,,,,,False
CAPELLA_2yr,K70H,,,Clinical,Mixed,3.0,Treatment-emergent,supplementary_mutations_2026.csv,,,,,,,,,,,,,,,,,,,,,,,,,,False
CAPELLA_2yr,K70N,,,Clinical,Mixed,3.0,Treatment-emergent,supplementary_mutations_2026.csv,,,,,,,,,,,,,,,,,,,,,,,,,,False
CAPELLA_2yr,K70S,,,Clinical,Mixed,3.0,Treatment-emergent,supplementary_mutations_2026.csv,,,,,,,,,,,,,,,,,,,,,,,,,,False
Evidence_Atlas,M66C,,,Natural,Mixed,2.0,Common polymorphism 4.18%,supplementary_mutations_2026.csv,,,,,,,,,,,,,,,,,,,,,,,,,,False
Evidence_Atlas,Q67K,,,Natural,Mixed,2.0,Common polymorphism 3.84%,supplementary_mutations_2026.csv,,,,,,,,,,,,,,,,,,,,,,,,,,False
Evidence_Atlas,T107L,,,Natural,Mixed,2.0,Common polymorphism 4.03%,supplementary_mutations_2026.csv,,,,,,,,,,,,,,,,,,,,,,,,,,False
Evidence_Atlas,N74R,,,Natural,Mixed,2.0,Common polymorphism 2.81%,supplementary_mutations_2026.csv,,,,,,,,,,,,,,,,,,,,,,,,,,False
Evidence_Atlas,T107N,,,Natural,CRF01_AE,2.0,0.05% prevalence,supplementary_mutations_2026.csv,,,,,,,,,,,,,,,,,,,,,,,,,,False
CAPELLA,M66I+N74D,,,Clinical,Mixed,3.0,Clinical evolution pathway,supplementary_mutations_2026.csv,,,,,,,,,,,,,,,,,,,,,,,,,,False
CAPELLA,M66I+N74D+A105T,1337.0,,Clinical,Mixed,3.0,Triple mutant with fitness restoration,supplementary_mutations_2026.csv,,,,,,,,,,,,,,,,,,,,,,,,1337.0,3.1261314072619846,False
Evidence_Atlas,A105T,,,Fitness,Mixed,3.0,"Compensatory mutation, restores >90% WT fitness",supplementary_mutations_2026.csv,,,,,,,,,,,,,,,,,,,,,,,,,,False
CAPELLA_2yr,Q67N,,,Clinical,Mixed,3.0,"Least fitness impact, early emergence",supplementary_mutations_2026.csv,,,,,,,,,,,,,,,,,,,,,,,,,,False
CAPELLA_2yr,N74H,,,Clinical,Mixed,3.0,Treatment-emergent,supplementary_mutations_2026.csv,,,,,,,,,,,,,,,,,,,,,,,,,,False
CAPELLA_2yr,N74K,,,Clinical,Mixed,3.0,Treatment-emergent,supplementary_mutations_2026.csv,,,,,,,,,,,,,,,,,,,,,,,,,,False
