mutation,type,mean_log10fc,n_observations,category,evidence_strength
Q67H,single,0.7164063708851267,3,low_resistant,moderate
GCSMs_median,single,-0.0969100130080563,1,low_resistant,moderate
SDM_GCSMs,single,0.0,1,low_resistant,moderate
Multiclass_resistant,single,-0.1870866433571444,1,low_resistant,moderate
L56V,single,1.8573324964312683,2,moderate_resistant,moderate
N57H,single,3.68930885912362,2,primary_resistant,strong
M66I,single,3.505149978319906,2,primary_resistant,strong
N74D,single,1.3010299956639813,1,moderate_resistant,moderate
Q67H+N74D,double,2.1760912590556813,1,additive,moderate
Q67H+K70R,double,-0.2291479883578558,1,sub_additive,moderate
M66I+A105T,double,2.0453229787866576,1,putative_compensatory,hypothesis_generating
M66I+T107A,double,2.369215857410143,1,putative_compensatory,hypothesis_generating
Q67K+K70H,double,2.222716471147584,1,sub_additive,moderate
K70N+N74K,double,2.460897842756548,1,sub_additive,moderate
K436E+I437T,double,0.2041199826559248,1,sub_additive,moderate
Q67H+K70R,double,1.2430380486862518,1,sub_additive,moderate
Q67H+K70R,double,1.665580991017953,1,sub_additive,moderate
