mutation,position,wt_aa,mut_aa,subtype,mut_frequency,mut_prevalence_percent,wt_frequency,n_sequences,data_source
M66I,66,M,I,B,0.0005,0.05,0.9995,1000,literature_compilation
M66I,66,M,I,C,0.0005,0.05,0.9995,1000,literature_compilation
M66I,66,M,I,A1,0.0,0.0,1.0,1000,literature_compilation
M66I,66,M,I,D,0.0,0.0,1.0,1000,literature_compilation
Q67H,67,Q,H,B,0.001,0.1,0.999,1000,literature_compilation
Q67H,67,Q,H,C,0.0005,0.05,0.9995,1000,literature_compilation
Q67H,67,Q,H,A1,0.0,0.0,1.0,1000,literature_compilation
Q67K,67,Q,K,B,0.038,3.8,0.962,1000,literature_compilation
Q67K,67,Q,K,C,0.042,4.2,0.958,1000,literature_compilation
K70R,70,K,R,B,0.002,0.2,0.998,1000,literature_compilation
K70R,70,K,R,C,0.001,0.1,0.999,1000,literature_compilation
N74D,74,N,D,B,0.0005,0.05,0.9995,1000,literature_compilation
N74D,74,N,D,C,0.0,0.0,1.0,1000,literature_compilation
T107A,107,T,A,A1,0.016,1.6,0.984,1000,literature_compilation
T107A,107,T,A,D,0.016,1.6,0.984,1000,literature_compilation
T107N,107,T,N,CRF01_AE,0.0005,0.05,0.9995,1000,literature_compilation
T107L,107,T,L,B,0.04,4.0,0.96,1000,literature_compilation
T107L,107,T,L,C,0.040999999999999995,4.1,0.959,1000,literature_compilation
