Mutation,FC,Context,Source,Subtype,Quality
M66I,1876.605969525707,In_vitro,Subtype_panel_A,A,2
M66I,2213.6678692498003,In_vitro,Subtype_panel_A1,A1,2
M66I,2085.716455959672,In_vitro,Subtype_panel_B,B,2
M66I,2007.7152132552662,In_vitro,Subtype_panel_C,C,2
M66I,1748.7709046588252,In_vitro,Subtype_panel_D,D,2
M66I,1748.7567943966785,In_vitro,Subtype_panel_F,F,2
M66I,1691.4789131183966,In_vitro,Subtype_panel_G,G,2
M66I,2164.2130452783367,In_vitro,Subtype_panel_CRF01_AE,CRF01_AE,2
M66I,2009.152281869777,In_vitro,Subtype_panel_CRF02_AG,CRF02_AG,2
M66I,2071.7224580106863,In_vitro,Subtype_panel_CRF06_cpx,CRF06_cpx,2
Q67H,5.993227438021186,In_vitro,Subtype_panel_A,A,2
Q67H,7.986810689540187,In_vitro,Subtype_panel_A1,A1,2
Q67H,7.698129545680884,In_vitro,Subtype_panel_B,B,2
Q67H,6.39591213242438,In_vitro,Subtype_panel_C,C,2
Q67H,6.331832431134911,In_vitro,Subtype_panel_D,D,2
Q67H,6.335149470692211,In_vitro,Subtype_panel_F,F,2
Q67H,6.588908710215029,In_vitro,Subtype_panel_G,G,2
Q67H,7.0519885064276995,In_vitro,Subtype_panel_CRF01_AE,CRF01_AE,2
Q67H,6.857084539148444,In_vitro,Subtype_panel_CRF02_AG,CRF02_AG,2
Q67H,6.561581194415888,In_vitro,Subtype_panel_CRF06_cpx,CRF06_cpx,2
N74D,10.33555868416714,In_vitro,Subtype_panel_A,A,2
N74D,8.918481581956124,In_vitro,Subtype_panel_A1,A1,2
N74D,9.376433945605655,In_vitro,Subtype_panel_B,B,2
N74D,9.599085529881075,In_vitro,Subtype_panel_C,C,2
N74D,9.868209952651107,In_vitro,Subtype_panel_D,D,2
N74D,10.85552788417904,In_vitro,Subtype_panel_F,F,2
N74D,9.099021346475078,In_vitro,Subtype_panel_G,G,2
N74D,10.042703315240836,In_vitro,Subtype_panel_CRF01_AE,CRF01_AE,2
N74D,10.277243706586127,In_vitro,Subtype_panel_CRF02_AG,CRF02_AG,2
N74D,8.639351238159993,In_vitro,Subtype_panel_CRF06_cpx,CRF06_cpx,2
L56V,74.32296880107107,In_vitro,Subtype_panel_A,A,2
L56V,64.8833210716455,In_vitro,Subtype_panel_A1,A1,2
L56V,62.60511440848204,In_vitro,Subtype_panel_B,B,2
L56V,81.69592760467198,In_vitro,Subtype_panel_C,C,2
L56V,82.05765191441047,In_vitro,Subtype_panel_D,D,2
L56V,78.66138271931555,In_vitro,Subtype_panel_F,F,2
L56V,67.77965741414481,In_vitro,Subtype_panel_G,G,2
L56V,63.309717662537885,In_vitro,Subtype_panel_CRF01_AE,CRF01_AE,2
L56V,75.97943337266258,In_vitro,Subtype_panel_CRF02_AG,CRF02_AG,2
L56V,70.70729386477538,In_vitro,Subtype_panel_CRF06_cpx,CRF06_cpx,2
N57H,2616.3904493080827,In_vitro,Subtype_panel_A,A,2
N57H,2946.7301185215074,In_vitro,Subtype_panel_A1,A1,2
N57H,2538.794157743303,In_vitro,Subtype_panel_B,B,2
N57H,3313.3713519603457,In_vitro,Subtype_panel_C,C,2
N57H,2737.447917710495,In_vitro,Subtype_panel_D,D,2
N57H,3094.88097833858,In_vitro,Subtype_panel_F,F,2
N57H,2784.3078156619554,In_vitro,Subtype_panel_G,G,2
N57H,2968.7662191487157,In_vitro,Subtype_panel_CRF01_AE,CRF01_AE,2
N57H,2992.3526103026056,In_vitro,Subtype_panel_CRF02_AG,CRF02_AG,2
N57H,2672.001649476749,In_vitro,Subtype_panel_CRF06_cpx,CRF06_cpx,2
K70R,17.113130824940512,In_vitro,Subtype_panel_A,A,2
K70R,16.238097705125014,In_vitro,Subtype_panel_A1,A1,2
K70R,16.97774523703885,In_vitro,Subtype_panel_B,B,2
K70R,16.77672307692442,In_vitro,Subtype_panel_C,C,2
K70R,15.440549904649881,In_vitro,Subtype_panel_D,D,2
K70R,16.898434057604025,In_vitro,Subtype_panel_F,F,2
K70R,13.148216259233637,In_vitro,Subtype_panel_G,G,2
K70R,13.631922880886153,In_vitro,Subtype_panel_CRF01_AE,CRF01_AE,2
K70R,12.95352280009742,In_vitro,Subtype_panel_CRF02_AG,CRF02_AG,2
K70R,14.213986488434688,In_vitro,Subtype_panel_CRF06_cpx,CRF06_cpx,2
K70H,11.599238242882134,In_vitro,Subtype_panel_A,A,2
K70H,11.176856514386024,In_vitro,Subtype_panel_A1,A1,2
K70H,13.183455032946945,In_vitro,Subtype_panel_B,B,2
K70H,11.48431197609692,In_vitro,Subtype_panel_C,C,2
K70H,11.21136423487457,In_vitro,Subtype_panel_D,D,2
K70H,12.153705899369694,In_vitro,Subtype_panel_F,F,2
K70H,10.707327209909145,In_vitro,Subtype_panel_G,G,2
K70H,13.087909130714541,In_vitro,Subtype_panel_CRF01_AE,CRF01_AE,2
K70H,10.468382317247174,In_vitro,Subtype_panel_CRF02_AG,CRF02_AG,2
K70H,13.75279297176186,In_vitro,Subtype_panel_CRF06_cpx,CRF06_cpx,2
K70N,8.653387446311978,In_vitro,Subtype_panel_A,A,2
K70N,7.276917635682014,In_vitro,Subtype_panel_A1,A1,2
K70N,6.813253081096645,In_vitro,Subtype_panel_B,B,2
K70N,8.7571074282916,In_vitro,Subtype_panel_C,C,2
K70N,8.49645762523428,In_vitro,Subtype_panel_D,D,2
K70N,8.54961720329837,In_vitro,Subtype_panel_F,F,2
K70N,8.65104883204627,In_vitro,Subtype_panel_G,G,2
K70N,6.977707164161816,In_vitro,Subtype_panel_CRF01_AE,CRF01_AE,2
K70N,7.6603177485062535,In_vitro,Subtype_panel_CRF02_AG,CRF02_AG,2
K70N,7.078085742860311,In_vitro,Subtype_panel_CRF06_cpx,CRF06_cpx,2
K70S,6.653586166576068,In_vitro,Subtype_panel_A,A,2
K70S,6.221936628289605,In_vitro,Subtype_panel_A1,A1,2
K70S,5.695616444734768,In_vitro,Subtype_panel_B,B,2
K70S,5.214405030514842,In_vitro,Subtype_panel_C,C,2
K70S,5.659768179088192,In_vitro,Subtype_panel_D,D,2
K70S,5.685329979648145,In_vitro,Subtype_panel_F,F,2
K70S,6.413291121008514,In_vitro,Subtype_panel_G,G,2
K70S,6.247603448439383,In_vitro,Subtype_panel_CRF01_AE,CRF01_AE,2
K70S,6.6969829366373865,In_vitro,Subtype_panel_CRF02_AG,CRF02_AG,2
K70S,5.949986865291509,In_vitro,Subtype_panel_CRF06_cpx,CRF06_cpx,2
Q67N,4.429391368907453,In_vitro,Subtype_panel_A,A,2
Q67N,5.319867180834493,In_vitro,Subtype_panel_A1,A1,2
Q67N,5.391177572925345,In_vitro,Subtype_panel_B,B,2
Q67N,5.091915796354244,In_vitro,Subtype_panel_C,C,2
Q67N,5.4064507699318405,In_vitro,Subtype_panel_D,D,2
Q67N,4.990693394546586,In_vitro,Subtype_panel_F,F,2
Q67N,5.034099244072991,In_vitro,Subtype_panel_G,G,2
Q67N,4.891311527537824,In_vitro,Subtype_panel_CRF01_AE,CRF01_AE,2
Q67N,4.288128690116142,In_vitro,Subtype_panel_CRF02_AG,CRF02_AG,2
Q67N,4.411837140489957,In_vitro,Subtype_panel_CRF06_cpx,CRF06_cpx,2
Q67K,2.578286267118061,In_vitro,Subtype_panel_A,A,2
Q67K,3.1227693701374024,In_vitro,Subtype_panel_A1,A1,2
Q67K,2.8329203829686938,In_vitro,Subtype_panel_B,B,2
Q67K,3.0077136220482323,In_vitro,Subtype_panel_C,C,2
Q67K,3.366809826533484,In_vitro,Subtype_panel_D,D,2
Q67K,2.7743630062339872,In_vitro,Subtype_panel_F,F,2
Q67K,2.9193446307320667,In_vitro,Subtype_panel_G,G,2
Q67K,3.229996024688744,In_vitro,Subtype_panel_CRF01_AE,CRF01_AE,2
Q67K,2.75591834894246,In_vitro,Subtype_panel_CRF02_AG,CRF02_AG,2
Q67K,2.6192819188459135,In_vitro,Subtype_panel_CRF06_cpx,CRF06_cpx,2
N74H,16.864657845734346,In_vitro,Subtype_panel_A,A,2
N74H,16.170594951171623,In_vitro,Subtype_panel_A1,A1,2
N74H,20.320367322649894,In_vitro,Subtype_panel_B,B,2
N74H,19.663850049647852,In_vitro,Subtype_panel_C,C,2
N74H,18.720380285156285,In_vitro,Subtype_panel_D,D,2
N74H,20.005887187013677,In_vitro,Subtype_panel_F,F,2
N74H,19.63982921525522,In_vitro,Subtype_panel_G,G,2
N74H,16.307478317984593,In_vitro,Subtype_panel_CRF01_AE,CRF01_AE,2
N74H,20.119818591845878,In_vitro,Subtype_panel_CRF02_AG,CRF02_AG,2
N74H,18.212448106344514,In_vitro,Subtype_panel_CRF06_cpx,CRF06_cpx,2
N74K,24.029105024082813,In_vitro,Subtype_panel_A,A,2
N74K,24.614202579495057,In_vitro,Subtype_panel_A1,A1,2
N74K,20.7988229348143,In_vitro,Subtype_panel_B,B,2
N74K,19.426342701882668,In_vitro,Subtype_panel_C,C,2
N74K,20.204372072776813,In_vitro,Subtype_panel_D,D,2
N74K,21.51891140493329,In_vitro,Subtype_panel_F,F,2
N74K,24.09889745508845,In_vitro,Subtype_panel_G,G,2
N74K,24.380821849491866,In_vitro,Subtype_panel_CRF01_AE,CRF01_AE,2
N74K,18.74588406150586,In_vitro,Subtype_panel_CRF02_AG,CRF02_AG,2
N74K,22.070932197011935,In_vitro,Subtype_panel_CRF06_cpx,CRF06_cpx,2
A105T,,In_vitro,Subtype_panel_A,A,2
A105T,,In_vitro,Subtype_panel_A1,A1,2
A105T,,In_vitro,Subtype_panel_B,B,2
A105T,,In_vitro,Subtype_panel_C,C,2
A105T,,In_vitro,Subtype_panel_D,D,2
A105T,,In_vitro,Subtype_panel_F,F,2
A105T,,In_vitro,Subtype_panel_G,G,2
A105T,,In_vitro,Subtype_panel_CRF01_AE,CRF01_AE,2
A105T,,In_vitro,Subtype_panel_CRF02_AG,CRF02_AG,2
A105T,,In_vitro,Subtype_panel_CRF06_cpx,CRF06_cpx,2
T107A,,In_vitro,Subtype_panel_A,A,2
T107A,,In_vitro,Subtype_panel_A1,A1,2
T107A,,In_vitro,Subtype_panel_B,B,2
T107A,,In_vitro,Subtype_panel_C,C,2
T107A,,In_vitro,Subtype_panel_D,D,2
T107A,,In_vitro,Subtype_panel_F,F,2
T107A,,In_vitro,Subtype_panel_G,G,2
T107A,,In_vitro,Subtype_panel_CRF01_AE,CRF01_AE,2
T107A,,In_vitro,Subtype_panel_CRF02_AG,CRF02_AG,2
T107A,,In_vitro,Subtype_panel_CRF06_cpx,CRF06_cpx,2
M66I+N74D,3442.187702204146,In_vitro,Double_mut_study_1,A,2
M66I+N74D,3305.475467329511,In_vitro,Double_mut_study_2,A,2
M66I+N74D,3233.9057571335784,In_vitro,Double_mut_study_1,A1,2
M66I+N74D,3386.3306199825397,In_vitro,Double_mut_study_2,A1,2
M66I+N74D,3810.036792738764,In_vitro,Double_mut_study_1,B,2
M66I+N74D,3376.2420524145286,In_vitro,Double_mut_study_2,B,2
M66I+N74D,3513.1534352203566,In_vitro,Double_mut_study_1,C,2
M66I+N74D,3642.113271226625,In_vitro,Double_mut_study_2,C,2
M66I+N74D,3404.5407216655058,In_vitro,Double_mut_study_1,D,2
M66I+N74D,3830.2474579046725,In_vitro,Double_mut_study_2,D,2
M66I+N74D,3823.7131064594787,In_vitro,Double_mut_study_1,F,2
M66I+N74D,3326.2476070777548,In_vitro,Double_mut_study_2,F,2
M66I+N74D,3498.07395412467,In_vitro,Double_mut_study_1,G,2
M66I+N74D,3360.614816871739,In_vitro,Double_mut_study_2,G,2
M66I+N74D,3349.388346064228,In_vitro,Double_mut_study_1,CRF01_AE,2
M66I+N74D,3175.820863148173,In_vitro,Double_mut_study_2,CRF01_AE,2
M66I+N74D,3576.695033785928,In_vitro,Double_mut_study_1,CRF02_AG,2
M66I+N74D,3501.8753162602034,In_vitro,Double_mut_study_2,CRF02_AG,2
M66I+N74D,3186.0351258749924,In_vitro,Double_mut_study_1,CRF06_cpx,2
M66I+N74D,3345.052524965628,In_vitro,Double_mut_study_2,CRF06_cpx,2
M66I+Q67H,3028.6288961413265,In_vitro,Double_mut_study_1,A,2
M66I+Q67H,2654.1546587735047,In_vitro,Double_mut_study_2,A,2
M66I+Q67H,2601.141128371085,In_vitro,Double_mut_study_1,A1,2
M66I+Q67H,2794.0935457554356,In_vitro,Double_mut_study_2,A1,2
M66I+Q67H,3071.9642543019368,In_vitro,Double_mut_study_1,B,2
M66I+Q67H,2655.55095204644,In_vitro,Double_mut_study_2,B,2
M66I+Q67H,2896.395906547292,In_vitro,Double_mut_study_1,C,2
M66I+Q67H,2946.5069845840817,In_vitro,Double_mut_study_2,C,2
M66I+Q67H,2653.0770246357442,In_vitro,Double_mut_study_1,D,2
M66I+Q67H,2927.8011552226417,In_vitro,Double_mut_study_2,D,2
M66I+Q67H,2725.9585543227818,In_vitro,Double_mut_study_1,F,2
M66I+Q67H,2874.0912651324047,In_vitro,Double_mut_study_2,F,2
M66I+Q67H,2874.776638026101,In_vitro,Double_mut_study_1,G,2
M66I+Q67H,2820.0338230818647,In_vitro,Double_mut_study_2,G,2
M66I+Q67H,2570.5622712304685,In_vitro,Double_mut_study_1,CRF01_AE,2
M66I+Q67H,2987.7693975299735,In_vitro,Double_mut_study_2,CRF01_AE,2
M66I+Q67H,2699.636836384172,In_vitro,Double_mut_study_1,CRF02_AG,2
M66I+Q67H,2624.450365823918,In_vitro,Double_mut_study_2,CRF02_AG,2
M66I+Q67H,2542.834079270668,In_vitro,Double_mut_study_1,CRF06_cpx,2
M66I+Q67H,2850.9000481854155,In_vitro,Double_mut_study_2,CRF06_cpx,2
Q67H+N74D,155.32693085526847,In_vitro,Double_mut_study_1,A,2
Q67H+N74D,135.49763486783567,In_vitro,Double_mut_study_2,A,2
Q67H+N74D,150.36279174897845,In_vitro,Double_mut_study_1,A1,2
Q67H+N74D,141.79487325593814,In_vitro,Double_mut_study_2,A1,2
Q67H+N74D,154.35518371228352,In_vitro,Double_mut_study_1,B,2
Q67H+N74D,140.23099287014975,In_vitro,Double_mut_study_2,B,2
Q67H+N74D,155.72813214307396,In_vitro,Double_mut_study_1,C,2
Q67H+N74D,146.60206038901612,In_vitro,Double_mut_study_2,C,2
Q67H+N74D,163.10189966210206,In_vitro,Double_mut_study_1,D,2
Q67H+N74D,139.12562832437982,In_vitro,Double_mut_study_2,D,2
Q67H+N74D,145.23199053150776,In_vitro,Double_mut_study_1,F,2
Q67H+N74D,138.40420563721767,In_vitro,Double_mut_study_2,F,2
Q67H+N74D,162.7408085483569,In_vitro,Double_mut_study_1,G,2
Q67H+N74D,161.32018060142943,In_vitro,Double_mut_study_2,G,2
Q67H+N74D,142.73824883145468,In_vitro,Double_mut_study_1,CRF01_AE,2
Q67H+N74D,154.7995213810254,In_vitro,Double_mut_study_2,CRF01_AE,2
Q67H+N74D,159.51666600603647,In_vitro,Double_mut_study_1,CRF02_AG,2
Q67H+N74D,151.65602434798387,In_vitro,Double_mut_study_2,CRF02_AG,2
Q67H+N74D,150.8895173506802,In_vitro,Double_mut_study_1,CRF06_cpx,2
Q67H+N74D,142.25556872701355,In_vitro,Double_mut_study_2,CRF06_cpx,2
Q67H+K70R,11.023446642734159,In_vitro,Double_mut_study_1,A,2
Q67H+K70R,12.953317819087985,In_vitro,Double_mut_study_2,A,2
Q67H+K70R,12.961003337191993,In_vitro,Double_mut_study_1,A1,2
Q67H+K70R,12.319443497455843,In_vitro,Double_mut_study_2,A1,2
Q67H+K70R,11.613671498516881,In_vitro,Double_mut_study_1,B,2
Q67H+K70R,11.638102979070387,In_vitro,Double_mut_study_2,B,2
Q67H+K70R,12.542293629288576,In_vitro,Double_mut_study_1,C,2
Q67H+K70R,12.953064623886187,In_vitro,Double_mut_study_2,C,2
Q67H+K70R,12.929007418236282,In_vitro,Double_mut_study_1,D,2
Q67H+K70R,12.671701310058298,In_vitro,Double_mut_study_2,D,2
Q67H+K70R,12.340875950770291,In_vitro,Double_mut_study_1,F,2
Q67H+K70R,11.001935915988117,In_vitro,Double_mut_study_2,F,2
Q67H+K70R,11.187908913827073,In_vitro,Double_mut_study_1,G,2
Q67H+K70R,12.956530052464991,In_vitro,Double_mut_study_2,G,2
Q67H+K70R,12.255429743183019,In_vitro,Double_mut_study_1,CRF01_AE,2
Q67H+K70R,10.822072923879912,In_vitro,Double_mut_study_2,CRF01_AE,2
Q67H+K70R,11.043531702878479,In_vitro,Double_mut_study_1,CRF02_AG,2
Q67H+K70R,12.392404245859336,In_vitro,Double_mut_study_2,CRF02_AG,2
Q67H+K70R,10.812147801230925,In_vitro,Double_mut_study_1,CRF06_cpx,2
Q67H+K70R,11.185939323401996,In_vitro,Double_mut_study_2,CRF06_cpx,2
N74D+K70R,25.24366894683293,In_vitro,Double_mut_study_1,A,2
N74D+K70R,25.959475988463467,In_vitro,Double_mut_study_2,A,2
N74D+K70R,25.759806297513006,In_vitro,Double_mut_study_1,A1,2
N74D+K70R,23.6213465473028,In_vitro,Double_mut_study_2,A1,2
N74D+K70R,26.06089610673768,In_vitro,Double_mut_study_1,B,2
N74D+K70R,23.686245437484,In_vitro,Double_mut_study_2,B,2
N74D+K70R,24.12699849079634,In_vitro,Double_mut_study_1,C,2
N74D+K70R,26.232457025590122,In_vitro,Double_mut_study_2,C,2
N74D+K70R,25.748164495236075,In_vitro,Double_mut_study_1,D,2
N74D+K70R,26.74611705247089,In_vitro,Double_mut_study_2,D,2
N74D+K70R,25.78806446150172,In_vitro,Double_mut_study_1,F,2
N74D+K70R,25.34154301667736,In_vitro,Double_mut_study_2,F,2
N74D+K70R,22.96837383914046,In_vitro,Double_mut_study_1,G,2
N74D+K70R,24.338579015297167,In_vitro,Double_mut_study_2,G,2
N74D+K70R,23.82601183840863,In_vitro,Double_mut_study_1,CRF01_AE,2
N74D+K70R,23.71994821689542,In_vitro,Double_mut_study_2,CRF01_AE,2
N74D+K70R,27.365052773762233,In_vitro,Double_mut_study_1,CRF02_AG,2
N74D+K70R,24.465488623333805,In_vitro,Double_mut_study_2,CRF02_AG,2
N74D+K70R,26.96023277588557,In_vitro,Double_mut_study_1,CRF06_cpx,2
N74D+K70R,25.655693129986318,In_vitro,Double_mut_study_2,CRF06_cpx,2
L56V+N57H,5506.603755683314,In_vitro,Double_mut_study_1,A,2
L56V+N57H,5202.7425768294,In_vitro,Double_mut_study_2,A,2
L56V+N57H,5279.980040011414,In_vitro,Double_mut_study_1,A1,2
L56V+N57H,5192.218401571618,In_vitro,Double_mut_study_2,A1,2
L56V+N57H,4883.0527073099665,In_vitro,Double_mut_study_1,B,2
L56V+N57H,5431.350199871966,In_vitro,Double_mut_study_2,B,2
L56V+N57H,4972.00325693849,In_vitro,Double_mut_study_1,C,2
L56V+N57H,4705.288605088713,In_vitro,Double_mut_study_2,C,2
L56V+N57H,5351.291187743455,In_vitro,Double_mut_study_1,D,2
L56V+N57H,4864.195106583331,In_vitro,Double_mut_study_2,D,2
L56V+N57H,5658.076927727032,In_vitro,Double_mut_study_1,F,2
L56V+N57H,5672.085720082691,In_vitro,Double_mut_study_2,F,2
L56V+N57H,5631.458965829266,In_vitro,Double_mut_study_1,G,2
L56V+N57H,5064.9650482656625,In_vitro,Double_mut_study_2,G,2
L56V+N57H,4696.074881190022,In_vitro,Double_mut_study_1,CRF01_AE,2
L56V+N57H,5645.451305091236,In_vitro,Double_mut_study_2,CRF01_AE,2
L56V+N57H,5125.311514250007,In_vitro,Double_mut_study_1,CRF02_AG,2
L56V+N57H,5685.321011805418,In_vitro,Double_mut_study_2,CRF02_AG,2
L56V+N57H,5682.164776172824,In_vitro,Double_mut_study_1,CRF06_cpx,2
L56V+N57H,5567.129833686055,In_vitro,Double_mut_study_2,CRF06_cpx,2
M66I+A105T,1726.001601145051,In_vitro,Double_mut_study_1,A,2
M66I+A105T,1758.635182296693,In_vitro,Double_mut_study_2,A,2
M66I+A105T,1926.4092017460687,In_vitro,Double_mut_study_1,A1,2
M66I+A105T,1734.09192185626,In_vitro,Double_mut_study_2,A1,2
M66I+A105T,1681.0173888069933,In_vitro,Double_mut_study_1,B,2
M66I+A105T,1820.448454485006,In_vitro,Double_mut_study_2,B,2
M66I+A105T,1957.0157186978815,In_vitro,Double_mut_study_1,C,2
M66I+A105T,1870.5707268029905,In_vitro,Double_mut_study_2,C,2
M66I+A105T,1825.2220212321713,In_vitro,Double_mut_study_1,D,2
M66I+A105T,1654.9835377574768,In_vitro,Double_mut_study_2,D,2
M66I+A105T,1841.4026016117011,In_vitro,Double_mut_study_1,F,2
M66I+A105T,1976.419386037535,In_vitro,Double_mut_study_2,F,2
M66I+A105T,1670.4302454851486,In_vitro,Double_mut_study_1,G,2
M66I+A105T,1806.5986748509451,In_vitro,Double_mut_study_2,G,2
M66I+A105T,1935.854305894064,In_vitro,Double_mut_study_1,CRF01_AE,2
M66I+A105T,1886.6767023915136,In_vitro,Double_mut_study_2,CRF01_AE,2
M66I+A105T,1870.9256667582963,In_vitro,Double_mut_study_1,CRF02_AG,2
M66I+A105T,1872.8942702353597,In_vitro,Double_mut_study_2,CRF02_AG,2
M66I+A105T,1749.416814439112,In_vitro,Double_mut_study_1,CRF06_cpx,2
M66I+A105T,1725.6930639352177,In_vitro,Double_mut_study_2,CRF06_cpx,2
N74D+A105T,15.928083466435542,In_vitro,Double_mut_study_1,A,2
N74D+A105T,15.930340184037544,In_vitro,Double_mut_study_2,A,2
N74D+A105T,16.101216955740313,In_vitro,Double_mut_study_1,A1,2
N74D+A105T,16.239721657669417,In_vitro,Double_mut_study_2,A1,2
N74D+A105T,15.034027196582816,In_vitro,Double_mut_study_1,B,2
N74D+A105T,15.004548884061599,In_vitro,Double_mut_study_2,B,2
N74D+A105T,15.894885536900325,In_vitro,Double_mut_study_1,C,2
N74D+A105T,15.449891792333297,In_vitro,Double_mut_study_2,C,2
N74D+A105T,15.60590063177311,In_vitro,Double_mut_study_1,D,2
N74D+A105T,15.887378008308303,In_vitro,Double_mut_study_2,D,2
N74D+A105T,16.1700160254527,In_vitro,Double_mut_study_1,F,2
N74D+A105T,14.513985470554609,In_vitro,Double_mut_study_2,F,2
N74D+A105T,14.626748857919832,In_vitro,Double_mut_study_1,G,2
N74D+A105T,13.781945819522608,In_vitro,Double_mut_study_2,G,2
N74D+A105T,15.234840422988523,In_vitro,Double_mut_study_1,CRF01_AE,2
N74D+A105T,13.607826821390226,In_vitro,Double_mut_study_2,CRF01_AE,2
N74D+A105T,14.89679405439738,In_vitro,Double_mut_study_1,CRF02_AG,2
N74D+A105T,15.127933904122731,In_vitro,Double_mut_study_2,CRF02_AG,2
N74D+A105T,14.359623756384854,In_vitro,Double_mut_study_1,CRF06_cpx,2
N74D+A105T,15.272499781707033,In_vitro,Double_mut_study_2,CRF06_cpx,2
Q67H+N74H,31.713501749573346,In_vitro,Double_mut_study_1,A,2
Q67H+N74H,31.7614373212445,In_vitro,Double_mut_study_2,A,2
Q67H+N74H,37.25820392461761,In_vitro,Double_mut_study_1,A1,2
Q67H+N74H,34.021334489878846,In_vitro,Double_mut_study_2,A1,2
Q67H+N74H,32.3894235885632,In_vitro,Double_mut_study_1,B,2
Q67H+N74H,35.15570282038364,In_vitro,Double_mut_study_2,B,2
Q67H+N74H,36.88995487169028,In_vitro,Double_mut_study_1,C,2
Q67H+N74H,33.0107471924779,In_vitro,Double_mut_study_2,C,2
Q67H+N74H,35.860233330733,In_vitro,Double_mut_study_1,D,2
Q67H+N74H,32.097432254956374,In_vitro,Double_mut_study_2,D,2
Q67H+N74H,31.861772048180256,In_vitro,Double_mut_study_1,F,2
Q67H+N74H,35.21948242097704,In_vitro,Double_mut_study_2,F,2
Q67H+N74H,35.284445851270746,In_vitro,Double_mut_study_1,G,2
Q67H+N74H,35.96200931048745,In_vitro,Double_mut_study_2,G,2
Q67H+N74H,36.582639336058634,In_vitro,Double_mut_study_1,CRF01_AE,2
Q67H+N74H,38.330964556237745,In_vitro,Double_mut_study_2,CRF01_AE,2
Q67H+N74H,35.11410243810837,In_vitro,Double_mut_study_1,CRF02_AG,2
Q67H+N74H,33.76069531058872,In_vitro,Double_mut_study_2,CRF02_AG,2
Q67H+N74H,37.066303363380925,In_vitro,Double_mut_study_1,CRF06_cpx,2
Q67H+N74H,33.39582575883452,In_vitro,Double_mut_study_2,CRF06_cpx,2
M66I+K70R,2173.14742511048,In_vitro,Double_mut_study_1,A,2
M66I+K70R,2014.5208077905972,In_vitro,Double_mut_study_2,A,2
M66I+K70R,1991.1543271028013,In_vitro,Double_mut_study_1,A1,2
M66I+K70R,2403.565302458287,In_vitro,Double_mut_study_2,A1,2
M66I+K70R,2347.8312530253706,In_vitro,Double_mut_study_1,B,2
M66I+K70R,2286.2286506812275,In_vitro,Double_mut_study_2,B,2
M66I+K70R,2159.9392955422786,In_vitro,Double_mut_study_1,C,2
M66I+K70R,2056.249500831172,In_vitro,Double_mut_study_2,C,2
M66I+K70R,2048.8322987752776,In_vitro,Double_mut_study_1,D,2
M66I+K70R,2090.106875192422,In_vitro,Double_mut_study_2,D,2
M66I+K70R,2221.659732470693,In_vitro,Double_mut_study_1,F,2
M66I+K70R,2294.4222059880276,In_vitro,Double_mut_study_2,F,2
M66I+K70R,2270.486845755802,In_vitro,Double_mut_study_1,G,2
M66I+K70R,2103.170914656215,In_vitro,Double_mut_study_2,G,2
M66I+K70R,2400.1407234918056,In_vitro,Double_mut_study_1,CRF01_AE,2
M66I+K70R,2304.6746433461385,In_vitro,Double_mut_study_2,CRF01_AE,2
M66I+K70R,2223.915783105016,In_vitro,Double_mut_study_1,CRF02_AG,2
M66I+K70R,2249.1571283431153,In_vitro,Double_mut_study_2,CRF02_AG,2
M66I+K70R,2164.6240274682277,In_vitro,Double_mut_study_1,CRF06_cpx,2
M66I+K70R,2089.0016353805095,In_vitro,Double_mut_study_2,CRF06_cpx,2
M66I+N74D+A105T,1306.189675417078,Clinical,Triple_cohort_1,A,2
M66I+N74D+A105T,1392.158439950538,Clinical,Triple_cohort_2,A,2
M66I+N74D+A105T,1233.1190550876775,Clinical,Triple_cohort_3,A,2
M66I+N74D+A105T,1254.8702592572395,Clinical,Triple_cohort_4,A,2
M66I+N74D+A105T,1239.8808851812935,Clinical,Triple_cohort_1,A1,2
M66I+N74D+A105T,1238.7527053920742,Clinical,Triple_cohort_2,A1,2
M66I+N74D+A105T,1413.040128131635,Clinical,Triple_cohort_3,A1,2
M66I+N74D+A105T,1380.5664892785749,Clinical,Triple_cohort_4,A1,2
M66I+N74D+A105T,1331.4752655183606,Clinical,Triple_cohort_1,B,2
M66I+N74D+A105T,1250.9686836464623,Clinical,Triple_cohort_2,B,2
M66I+N74D+A105T,1335.206468004993,Clinical,Triple_cohort_3,B,2
M66I+N74D+A105T,1331.3250812053786,Clinical,Triple_cohort_4,B,2
M66I+N74D+A105T,1267.0913440111506,Clinical,Triple_cohort_1,C,2
M66I+N74D+A105T,1322.849544804987,Clinical,Triple_cohort_2,C,2
M66I+N74D+A105T,1315.2881327822863,Clinical,Triple_cohort_3,C,2
M66I+N74D+A105T,1361.7826529753302,Clinical,Triple_cohort_4,C,2
M66I+N74D+A105T,1365.8992337936065,Clinical,Triple_cohort_1,D,2
M66I+N74D+A105T,1239.7314337704358,Clinical,Triple_cohort_2,D,2
M66I+N74D+A105T,1310.1771305208947,Clinical,Triple_cohort_3,D,2
M66I+N74D+A105T,1363.9239531695896,Clinical,Triple_cohort_4,D,2
M66I+Q67H+K70R,3201.6057643930053,Clinical,Triple_cohort_1,A,2
M66I+Q67H+K70R,3382.5227986884215,Clinical,Triple_cohort_2,A,2
M66I+Q67H+K70R,3281.2511393889,Clinical,Triple_cohort_3,A,2
M66I+Q67H+K70R,3027.4224266656925,Clinical,Triple_cohort_4,A,2
M66I+Q67H+K70R,2980.1311986690203,Clinical,Triple_cohort_1,A1,2
M66I+Q67H+K70R,3272.9186704416334,Clinical,Triple_cohort_2,A1,2
M66I+Q67H+K70R,2957.5737909973104,Clinical,Triple_cohort_3,A1,2
M66I+Q67H+K70R,3243.917097612013,Clinical,Triple_cohort_4,A1,2
M66I+Q67H+K70R,3425.3978836095785,Clinical,Triple_cohort_1,B,2
M66I+Q67H+K70R,3238.6427790724506,Clinical,Triple_cohort_2,B,2
M66I+Q67H+K70R,3142.7430022177396,Clinical,Triple_cohort_3,B,2
M66I+Q67H+K70R,3273.363567842485,Clinical,Triple_cohort_4,B,2
M66I+Q67H+K70R,3178.6254799316566,Clinical,Triple_cohort_1,C,2
M66I+Q67H+K70R,3223.3557961297593,Clinical,Triple_cohort_2,C,2
M66I+Q67H+K70R,3426.0299820935816,Clinical,Triple_cohort_3,C,2
M66I+Q67H+K70R,3141.684550553997,Clinical,Triple_cohort_4,C,2
M66I+Q67H+K70R,3436.129568677844,Clinical,Triple_cohort_1,D,2
M66I+Q67H+K70R,3407.539528681505,Clinical,Triple_cohort_2,D,2
M66I+Q67H+K70R,3044.24506101212,Clinical,Triple_cohort_3,D,2
M66I+Q67H+K70R,2979.5129860480847,Clinical,Triple_cohort_4,D,2
Q67H+N74D+K70R,168.5024064396699,Clinical,Triple_cohort_1,A,2
Q67H+N74D+K70R,166.12478857876462,Clinical,Triple_cohort_2,A,2
Q67H+N74D+K70R,168.31995726977075,Clinical,Triple_cohort_3,A,2
Q67H+N74D+K70R,185.27059507439108,Clinical,Triple_cohort_4,A,2
Q67H+N74D+K70R,167.6502330756546,Clinical,Triple_cohort_1,A1,2
Q67H+N74D+K70R,174.78649815246033,Clinical,Triple_cohort_2,A1,2
Q67H+N74D+K70R,189.9324089559203,Clinical,Triple_cohort_3,A1,2
Q67H+N74D+K70R,166.2702317491918,Clinical,Triple_cohort_4,A1,2
Q67H+N74D+K70R,189.05669229856136,Clinical,Triple_cohort_1,B,2
Q67H+N74D+K70R,173.71741751347392,Clinical,Triple_cohort_2,B,2
Q67H+N74D+K70R,169.0031470355037,Clinical,Triple_cohort_3,B,2
Q67H+N74D+K70R,185.66603036248756,Clinical,Triple_cohort_4,B,2
Q67H+N74D+K70R,183.71355398726064,Clinical,Triple_cohort_1,C,2
Q67H+N74D+K70R,190.87119398957913,Clinical,Triple_cohort_2,C,2
Q67H+N74D+K70R,186.7700460615519,Clinical,Triple_cohort_3,C,2
Q67H+N74D+K70R,188.74025079508365,Clinical,Triple_cohort_4,C,2
Q67H+N74D+K70R,173.72259569005365,Clinical,Triple_cohort_1,D,2
Q67H+N74D+K70R,170.71025886085602,Clinical,Triple_cohort_2,D,2
Q67H+N74D+K70R,187.21770484725673,Clinical,Triple_cohort_3,D,2
Q67H+N74D+K70R,188.8368404908972,Clinical,Triple_cohort_4,D,2
L56V+N57H+N74D,6470.884936320647,Clinical,Triple_cohort_1,A,2
L56V+N57H+N74D,5916.11296983497,Clinical,Triple_cohort_2,A,2
L56V+N57H+N74D,5877.137362361072,Clinical,Triple_cohort_3,A,2
L56V+N57H+N74D,6265.356442312318,Clinical,Triple_cohort_4,A,2
L56V+N57H+N74D,5847.171398642898,Clinical,Triple_cohort_1,A1,2
L56V+N57H+N74D,6413.527032579422,Clinical,Triple_cohort_2,A1,2
L56V+N57H+N74D,6344.076241769292,Clinical,Triple_cohort_3,A1,2
L56V+N57H+N74D,5931.834266280019,Clinical,Triple_cohort_4,A1,2
L56V+N57H+N74D,6240.836225079837,Clinical,Triple_cohort_1,B,2
L56V+N57H+N74D,6244.361159121296,Clinical,Triple_cohort_2,B,2
L56V+N57H+N74D,5618.9989140824955,Clinical,Triple_cohort_3,B,2
L56V+N57H+N74D,6386.450790412384,Clinical,Triple_cohort_4,B,2
L56V+N57H+N74D,6005.042277549943,Clinical,Triple_cohort_1,C,2
L56V+N57H+N74D,6313.399167463433,Clinical,Triple_cohort_2,C,2
L56V+N57H+N74D,5827.247616989388,Clinical,Triple_cohort_3,C,2
L56V+N57H+N74D,6379.702299356352,Clinical,Triple_cohort_4,C,2
L56V+N57H+N74D,5893.633611584797,Clinical,Triple_cohort_1,D,2
L56V+N57H+N74D,5530.4041454210865,Clinical,Triple_cohort_2,D,2
L56V+N57H+N74D,6389.166697362493,Clinical,Triple_cohort_3,D,2
L56V+N57H+N74D,5607.635209714688,Clinical,Triple_cohort_4,D,2
M66C,,Natural,Prevalence_survey_A,A,2
M66C,,Natural,Prevalence_survey_A1,A1,2
M66C,,Natural,Prevalence_survey_B,B,2
M66C,,Natural,Prevalence_survey_C,C,2
M66C,,Natural,Prevalence_survey_D,D,2
M66C,,Natural,Prevalence_survey_F,F,2
M66C,,Natural,Prevalence_survey_G,G,2
M66C,,Natural,Prevalence_survey_CRF01_AE,CRF01_AE,2
M66C,,Natural,Prevalence_survey_CRF02_AG,CRF02_AG,2
M66C,,Natural,Prevalence_survey_CRF06_cpx,CRF06_cpx,2
M66V,,Natural,Prevalence_survey_A,A,2
M66V,,Natural,Prevalence_survey_A1,A1,2
M66V,,Natural,Prevalence_survey_B,B,2
M66V,,Natural,Prevalence_survey_C,C,2
M66V,,Natural,Prevalence_survey_D,D,2
M66V,,Natural,Prevalence_survey_F,F,2
M66V,,Natural,Prevalence_survey_G,G,2
M66V,,Natural,Prevalence_survey_CRF01_AE,CRF01_AE,2
M66V,,Natural,Prevalence_survey_CRF02_AG,CRF02_AG,2
M66V,,Natural,Prevalence_survey_CRF06_cpx,CRF06_cpx,2
Q67E,,Natural,Prevalence_survey_A,A,2
Q67E,,Natural,Prevalence_survey_A1,A1,2
Q67E,,Natural,Prevalence_survey_B,B,2
Q67E,,Natural,Prevalence_survey_C,C,2
Q67E,,Natural,Prevalence_survey_D,D,2
Q67E,,Natural,Prevalence_survey_F,F,2
Q67E,,Natural,Prevalence_survey_G,G,2
Q67E,,Natural,Prevalence_survey_CRF01_AE,CRF01_AE,2
Q67E,,Natural,Prevalence_survey_CRF02_AG,CRF02_AG,2
Q67E,,Natural,Prevalence_survey_CRF06_cpx,CRF06_cpx,2
N74S,,Natural,Prevalence_survey_A,A,2
N74S,,Natural,Prevalence_survey_A1,A1,2
N74S,,Natural,Prevalence_survey_B,B,2
N74S,,Natural,Prevalence_survey_C,C,2
N74S,,Natural,Prevalence_survey_D,D,2
N74S,,Natural,Prevalence_survey_F,F,2
N74S,,Natural,Prevalence_survey_G,G,2
N74S,,Natural,Prevalence_survey_CRF01_AE,CRF01_AE,2
N74S,,Natural,Prevalence_survey_CRF02_AG,CRF02_AG,2
N74S,,Natural,Prevalence_survey_CRF06_cpx,CRF06_cpx,2
N74T,,Natural,Prevalence_survey_A,A,2
N74T,,Natural,Prevalence_survey_A1,A1,2
N74T,,Natural,Prevalence_survey_B,B,2
N74T,,Natural,Prevalence_survey_C,C,2
N74T,,Natural,Prevalence_survey_D,D,2
N74T,,Natural,Prevalence_survey_F,F,2
N74T,,Natural,Prevalence_survey_G,G,2
N74T,,Natural,Prevalence_survey_CRF01_AE,CRF01_AE,2
N74T,,Natural,Prevalence_survey_CRF02_AG,CRF02_AG,2
N74T,,Natural,Prevalence_survey_CRF06_cpx,CRF06_cpx,2
T107S,,Natural,Prevalence_survey_A,A,2
T107S,,Natural,Prevalence_survey_A1,A1,2
T107S,,Natural,Prevalence_survey_B,B,2
T107S,,Natural,Prevalence_survey_C,C,2
T107S,,Natural,Prevalence_survey_D,D,2
T107S,,Natural,Prevalence_survey_F,F,2
T107S,,Natural,Prevalence_survey_G,G,2
T107S,,Natural,Prevalence_survey_CRF01_AE,CRF01_AE,2
T107S,,Natural,Prevalence_survey_CRF02_AG,CRF02_AG,2
T107S,,Natural,Prevalence_survey_CRF06_cpx,CRF06_cpx,2
T107N,,Natural,Prevalence_survey_A,A,2
T107N,,Natural,Prevalence_survey_A1,A1,2
T107N,,Natural,Prevalence_survey_B,B,2
T107N,,Natural,Prevalence_survey_C,C,2
T107N,,Natural,Prevalence_survey_D,D,2
T107N,,Natural,Prevalence_survey_F,F,2
T107N,,Natural,Prevalence_survey_G,G,2
T107N,,Natural,Prevalence_survey_CRF01_AE,CRF01_AE,2
T107N,,Natural,Prevalence_survey_CRF02_AG,CRF02_AG,2
T107N,,Natural,Prevalence_survey_CRF06_cpx,CRF06_cpx,2
T107L,,Natural,Prevalence_survey_A,A,2
T107L,,Natural,Prevalence_survey_A1,A1,2
T107L,,Natural,Prevalence_survey_B,B,2
T107L,,Natural,Prevalence_survey_C,C,2
T107L,,Natural,Prevalence_survey_D,D,2
T107L,,Natural,Prevalence_survey_F,F,2
T107L,,Natural,Prevalence_survey_G,G,2
T107L,,Natural,Prevalence_survey_CRF01_AE,CRF01_AE,2
T107L,,Natural,Prevalence_survey_CRF02_AG,CRF02_AG,2
T107L,,Natural,Prevalence_survey_CRF06_cpx,CRF06_cpx,2
A105V,,Natural,Prevalence_survey_A,A,2
A105V,,Natural,Prevalence_survey_A1,A1,2
A105V,,Natural,Prevalence_survey_B,B,2
A105V,,Natural,Prevalence_survey_C,C,2
A105V,,Natural,Prevalence_survey_D,D,2
A105V,,Natural,Prevalence_survey_F,F,2
A105V,,Natural,Prevalence_survey_G,G,2
A105V,,Natural,Prevalence_survey_CRF01_AE,CRF01_AE,2
A105V,,Natural,Prevalence_survey_CRF02_AG,CRF02_AG,2
A105V,,Natural,Prevalence_survey_CRF06_cpx,CRF06_cpx,2
A105S,,Natural,Prevalence_survey_A,A,2
A105S,,Natural,Prevalence_survey_A1,A1,2
A105S,,Natural,Prevalence_survey_B,B,2
A105S,,Natural,Prevalence_survey_C,C,2
A105S,,Natural,Prevalence_survey_D,D,2
A105S,,Natural,Prevalence_survey_F,F,2
A105S,,Natural,Prevalence_survey_G,G,2
A105S,,Natural,Prevalence_survey_CRF01_AE,CRF01_AE,2
A105S,,Natural,Prevalence_survey_CRF02_AG,CRF02_AG,2
A105S,,Natural,Prevalence_survey_CRF06_cpx,CRF06_cpx,2
K70T,,Natural,Prevalence_survey_A,A,2
K70T,,Natural,Prevalence_survey_A1,A1,2
K70T,,Natural,Prevalence_survey_B,B,2
K70T,,Natural,Prevalence_survey_C,C,2
K70T,,Natural,Prevalence_survey_D,D,2
K70T,,Natural,Prevalence_survey_F,F,2
K70T,,Natural,Prevalence_survey_G,G,2
K70T,,Natural,Prevalence_survey_CRF01_AE,CRF01_AE,2
K70T,,Natural,Prevalence_survey_CRF02_AG,CRF02_AG,2
K70T,,Natural,Prevalence_survey_CRF06_cpx,CRF06_cpx,2
K70Q,,Natural,Prevalence_survey_A,A,2
K70Q,,Natural,Prevalence_survey_A1,A1,2
K70Q,,Natural,Prevalence_survey_B,B,2
K70Q,,Natural,Prevalence_survey_C,C,2
K70Q,,Natural,Prevalence_survey_D,D,2
K70Q,,Natural,Prevalence_survey_F,F,2
K70Q,,Natural,Prevalence_survey_G,G,2
K70Q,,Natural,Prevalence_survey_CRF01_AE,CRF01_AE,2
K70Q,,Natural,Prevalence_survey_CRF02_AG,CRF02_AG,2
K70Q,,Natural,Prevalence_survey_CRF06_cpx,CRF06_cpx,2
L56I,,Natural,Prevalence_survey_A,A,2
L56I,,Natural,Prevalence_survey_A1,A1,2
L56I,,Natural,Prevalence_survey_B,B,2
L56I,,Natural,Prevalence_survey_C,C,2
L56I,,Natural,Prevalence_survey_D,D,2
L56I,,Natural,Prevalence_survey_F,F,2
L56I,,Natural,Prevalence_survey_G,G,2
L56I,,Natural,Prevalence_survey_CRF01_AE,CRF01_AE,2
L56I,,Natural,Prevalence_survey_CRF02_AG,CRF02_AG,2
L56I,,Natural,Prevalence_survey_CRF06_cpx,CRF06_cpx,2
N57S,,Natural,Prevalence_survey_A,A,2
N57S,,Natural,Prevalence_survey_A1,A1,2
N57S,,Natural,Prevalence_survey_B,B,2
N57S,,Natural,Prevalence_survey_C,C,2
N57S,,Natural,Prevalence_survey_D,D,2
N57S,,Natural,Prevalence_survey_F,F,2
N57S,,Natural,Prevalence_survey_G,G,2
N57S,,Natural,Prevalence_survey_CRF01_AE,CRF01_AE,2
N57S,,Natural,Prevalence_survey_CRF02_AG,CRF02_AG,2
N57S,,Natural,Prevalence_survey_CRF06_cpx,CRF06_cpx,2
N57T,,Natural,Prevalence_survey_A,A,2
N57T,,Natural,Prevalence_survey_A1,A1,2
N57T,,Natural,Prevalence_survey_B,B,2
N57T,,Natural,Prevalence_survey_C,C,2
N57T,,Natural,Prevalence_survey_D,D,2
N57T,,Natural,Prevalence_survey_F,F,2
N57T,,Natural,Prevalence_survey_G,G,2
N57T,,Natural,Prevalence_survey_CRF01_AE,CRF01_AE,2
N57T,,Natural,Prevalence_survey_CRF02_AG,CRF02_AG,2
N57T,,Natural,Prevalence_survey_CRF06_cpx,CRF06_cpx,2
M66I,,Clinical,Clinical_trial_1,Mixed,2
M66I,,Clinical,Clinical_trial_2,Mixed,2
M66I,,Clinical,Clinical_trial_3,Mixed,2
M66I,,Clinical,Clinical_trial_4,Mixed,2
M66I,,Clinical,Clinical_trial_5,Mixed,2
M66I,,Clinical,Clinical_trial_6,Mixed,2
M66I,,Clinical,Clinical_trial_7,Mixed,2
M66I,,Clinical,Clinical_trial_8,Mixed,2
M66I,,Clinical,Clinical_trial_9,Mixed,2
M66I,,Clinical,Clinical_trial_10,Mixed,2
M66I,,Clinical,Clinical_trial_11,Mixed,2
M66I,,Clinical,Clinical_trial_12,Mixed,2
M66I,,Clinical,Clinical_trial_13,Mixed,2
M66I,,Clinical,Clinical_trial_14,Mixed,2
M66I,,Clinical,Clinical_trial_15,Mixed,2
Q67H,,Clinical,Clinical_trial_1,Mixed,2
Q67H,,Clinical,Clinical_trial_2,Mixed,2
Q67H,,Clinical,Clinical_trial_3,Mixed,2
Q67H,,Clinical,Clinical_trial_4,Mixed,2
Q67H,,Clinical,Clinical_trial_5,Mixed,2
Q67H,,Clinical,Clinical_trial_6,Mixed,2
Q67H,,Clinical,Clinical_trial_7,Mixed,2
Q67H,,Clinical,Clinical_trial_8,Mixed,2
Q67H,,Clinical,Clinical_trial_9,Mixed,2
Q67H,,Clinical,Clinical_trial_10,Mixed,2
Q67H,,Clinical,Clinical_trial_11,Mixed,2
Q67H,,Clinical,Clinical_trial_12,Mixed,2
Q67H,,Clinical,Clinical_trial_13,Mixed,2
Q67H,,Clinical,Clinical_trial_14,Mixed,2
Q67H,,Clinical,Clinical_trial_15,Mixed,2
N74D,,Clinical,Clinical_trial_1,Mixed,2
N74D,,Clinical,Clinical_trial_2,Mixed,2
N74D,,Clinical,Clinical_trial_3,Mixed,2
N74D,,Clinical,Clinical_trial_4,Mixed,2
N74D,,Clinical,Clinical_trial_5,Mixed,2
N74D,,Clinical,Clinical_trial_6,Mixed,2
N74D,,Clinical,Clinical_trial_7,Mixed,2
N74D,,Clinical,Clinical_trial_8,Mixed,2
N74D,,Clinical,Clinical_trial_9,Mixed,2
N74D,,Clinical,Clinical_trial_10,Mixed,2
N74D,,Clinical,Clinical_trial_11,Mixed,2
N74D,,Clinical,Clinical_trial_12,Mixed,2
N74D,,Clinical,Clinical_trial_13,Mixed,2
N74D,,Clinical,Clinical_trial_14,Mixed,2
N74D,,Clinical,Clinical_trial_15,Mixed,2
L56V,,Clinical,Clinical_trial_1,Mixed,2
L56V,,Clinical,Clinical_trial_2,Mixed,2
L56V,,Clinical,Clinical_trial_3,Mixed,2
L56V,,Clinical,Clinical_trial_4,Mixed,2
L56V,,Clinical,Clinical_trial_5,Mixed,2
L56V,,Clinical,Clinical_trial_6,Mixed,2
L56V,,Clinical,Clinical_trial_7,Mixed,2
L56V,,Clinical,Clinical_trial_8,Mixed,2
L56V,,Clinical,Clinical_trial_9,Mixed,2
L56V,,Clinical,Clinical_trial_10,Mixed,2
L56V,,Clinical,Clinical_trial_11,Mixed,2
L56V,,Clinical,Clinical_trial_12,Mixed,2
L56V,,Clinical,Clinical_trial_13,Mixed,2
L56V,,Clinical,Clinical_trial_14,Mixed,2
L56V,,Clinical,Clinical_trial_15,Mixed,2
N57H,,Clinical,Clinical_trial_1,Mixed,2
N57H,,Clinical,Clinical_trial_2,Mixed,2
N57H,,Clinical,Clinical_trial_3,Mixed,2
N57H,,Clinical,Clinical_trial_4,Mixed,2
N57H,,Clinical,Clinical_trial_5,Mixed,2
N57H,,Clinical,Clinical_trial_6,Mixed,2
N57H,,Clinical,Clinical_trial_7,Mixed,2
N57H,,Clinical,Clinical_trial_8,Mixed,2
N57H,,Clinical,Clinical_trial_9,Mixed,2
N57H,,Clinical,Clinical_trial_10,Mixed,2
N57H,,Clinical,Clinical_trial_11,Mixed,2
N57H,,Clinical,Clinical_trial_12,Mixed,2
N57H,,Clinical,Clinical_trial_13,Mixed,2
N57H,,Clinical,Clinical_trial_14,Mixed,2
N57H,,Clinical,Clinical_trial_15,Mixed,2
K70R,,Clinical,Clinical_trial_1,Mixed,2
K70R,,Clinical,Clinical_trial_2,Mixed,2
K70R,,Clinical,Clinical_trial_3,Mixed,2
K70R,,Clinical,Clinical_trial_4,Mixed,2
K70R,,Clinical,Clinical_trial_5,Mixed,2
K70R,,Clinical,Clinical_trial_6,Mixed,2
K70R,,Clinical,Clinical_trial_7,Mixed,2
K70R,,Clinical,Clinical_trial_8,Mixed,2
K70R,,Clinical,Clinical_trial_9,Mixed,2
K70R,,Clinical,Clinical_trial_10,Mixed,2
K70R,,Clinical,Clinical_trial_11,Mixed,2
K70R,,Clinical,Clinical_trial_12,Mixed,2
K70R,,Clinical,Clinical_trial_13,Mixed,2
K70R,,Clinical,Clinical_trial_14,Mixed,2
K70R,,Clinical,Clinical_trial_15,Mixed,2
K70H,,Clinical,Clinical_trial_1,Mixed,2
K70H,,Clinical,Clinical_trial_2,Mixed,2
K70H,,Clinical,Clinical_trial_3,Mixed,2
K70H,,Clinical,Clinical_trial_4,Mixed,2
K70H,,Clinical,Clinical_trial_5,Mixed,2
K70H,,Clinical,Clinical_trial_6,Mixed,2
K70H,,Clinical,Clinical_trial_7,Mixed,2
K70H,,Clinical,Clinical_trial_8,Mixed,2
K70H,,Clinical,Clinical_trial_9,Mixed,2
K70H,,Clinical,Clinical_trial_10,Mixed,2
K70H,,Clinical,Clinical_trial_11,Mixed,2
K70H,,Clinical,Clinical_trial_12,Mixed,2
K70H,,Clinical,Clinical_trial_13,Mixed,2
K70H,,Clinical,Clinical_trial_14,Mixed,2
K70H,,Clinical,Clinical_trial_15,Mixed,2
K70N,,Clinical,Clinical_trial_1,Mixed,2
K70N,,Clinical,Clinical_trial_2,Mixed,2
K70N,,Clinical,Clinical_trial_3,Mixed,2
K70N,,Clinical,Clinical_trial_4,Mixed,2
K70N,,Clinical,Clinical_trial_5,Mixed,2
K70N,,Clinical,Clinical_trial_6,Mixed,2
K70N,,Clinical,Clinical_trial_7,Mixed,2
K70N,,Clinical,Clinical_trial_8,Mixed,2
K70N,,Clinical,Clinical_trial_9,Mixed,2
K70N,,Clinical,Clinical_trial_10,Mixed,2
K70N,,Clinical,Clinical_trial_11,Mixed,2
K70N,,Clinical,Clinical_trial_12,Mixed,2
K70N,,Clinical,Clinical_trial_13,Mixed,2
K70N,,Clinical,Clinical_trial_14,Mixed,2
K70N,,Clinical,Clinical_trial_15,Mixed,2
K70S,,Clinical,Clinical_trial_1,Mixed,2
K70S,,Clinical,Clinical_trial_2,Mixed,2
K70S,,Clinical,Clinical_trial_3,Mixed,2
K70S,,Clinical,Clinical_trial_4,Mixed,2
K70S,,Clinical,Clinical_trial_5,Mixed,2
K70S,,Clinical,Clinical_trial_6,Mixed,2
K70S,,Clinical,Clinical_trial_7,Mixed,2
K70S,,Clinical,Clinical_trial_8,Mixed,2
K70S,,Clinical,Clinical_trial_9,Mixed,2
K70S,,Clinical,Clinical_trial_10,Mixed,2
K70S,,Clinical,Clinical_trial_11,Mixed,2
K70S,,Clinical,Clinical_trial_12,Mixed,2
K70S,,Clinical,Clinical_trial_13,Mixed,2
K70S,,Clinical,Clinical_trial_14,Mixed,2
K70S,,Clinical,Clinical_trial_15,Mixed,2
Q67N,,Clinical,Clinical_trial_1,Mixed,2
Q67N,,Clinical,Clinical_trial_2,Mixed,2
Q67N,,Clinical,Clinical_trial_3,Mixed,2
Q67N,,Clinical,Clinical_trial_4,Mixed,2
Q67N,,Clinical,Clinical_trial_5,Mixed,2
Q67N,,Clinical,Clinical_trial_6,Mixed,2
Q67N,,Clinical,Clinical_trial_7,Mixed,2
Q67N,,Clinical,Clinical_trial_8,Mixed,2
Q67N,,Clinical,Clinical_trial_9,Mixed,2
Q67N,,Clinical,Clinical_trial_10,Mixed,2
Q67N,,Clinical,Clinical_trial_11,Mixed,2
Q67N,,Clinical,Clinical_trial_12,Mixed,2
Q67N,,Clinical,Clinical_trial_13,Mixed,2
Q67N,,Clinical,Clinical_trial_14,Mixed,2
Q67N,,Clinical,Clinical_trial_15,Mixed,2
M66I,,Fitness,Fitness_assay_1,B,2
M66I,,Fitness,Fitness_assay_2,B,2
M66I,,Fitness,Fitness_assay_3,B,2
M66I,,Fitness,Fitness_assay_4,B,2
M66I,,Fitness,Fitness_assay_5,B,2
Q67H,,Fitness,Fitness_assay_1,B,2
Q67H,,Fitness,Fitness_assay_2,B,2
Q67H,,Fitness,Fitness_assay_3,B,2
Q67H,,Fitness,Fitness_assay_4,B,2
Q67H,,Fitness,Fitness_assay_5,B,2
N74D,,Fitness,Fitness_assay_1,B,2
N74D,,Fitness,Fitness_assay_2,B,2
N74D,,Fitness,Fitness_assay_3,B,2
N74D,,Fitness,Fitness_assay_4,B,2
N74D,,Fitness,Fitness_assay_5,B,2
L56V,,Fitness,Fitness_assay_1,B,2
L56V,,Fitness,Fitness_assay_2,B,2
L56V,,Fitness,Fitness_assay_3,B,2
L56V,,Fitness,Fitness_assay_4,B,2
L56V,,Fitness,Fitness_assay_5,B,2
N57H,,Fitness,Fitness_assay_1,B,2
N57H,,Fitness,Fitness_assay_2,B,2
N57H,,Fitness,Fitness_assay_3,B,2
N57H,,Fitness,Fitness_assay_4,B,2
N57H,,Fitness,Fitness_assay_5,B,2
K70R,,Fitness,Fitness_assay_1,B,2
K70R,,Fitness,Fitness_assay_2,B,2
K70R,,Fitness,Fitness_assay_3,B,2
K70R,,Fitness,Fitness_assay_4,B,2
K70R,,Fitness,Fitness_assay_5,B,2
K70H,,Fitness,Fitness_assay_1,B,2
K70H,,Fitness,Fitness_assay_2,B,2
K70H,,Fitness,Fitness_assay_3,B,2
K70H,,Fitness,Fitness_assay_4,B,2
K70H,,Fitness,Fitness_assay_5,B,2
K70N,,Fitness,Fitness_assay_1,B,2
K70N,,Fitness,Fitness_assay_2,B,2
K70N,,Fitness,Fitness_assay_3,B,2
K70N,,Fitness,Fitness_assay_4,B,2
K70N,,Fitness,Fitness_assay_5,B,2
K70S,,Fitness,Fitness_assay_1,B,2
K70S,,Fitness,Fitness_assay_2,B,2
K70S,,Fitness,Fitness_assay_3,B,2
K70S,,Fitness,Fitness_assay_4,B,2
K70S,,Fitness,Fitness_assay_5,B,2
Q67N,,Fitness,Fitness_assay_1,B,2
Q67N,,Fitness,Fitness_assay_2,B,2
Q67N,,Fitness,Fitness_assay_3,B,2
Q67N,,Fitness,Fitness_assay_4,B,2
Q67N,,Fitness,Fitness_assay_5,B,2
Q67K,,Fitness,Fitness_assay_1,B,2
Q67K,,Fitness,Fitness_assay_2,B,2
Q67K,,Fitness,Fitness_assay_3,B,2
Q67K,,Fitness,Fitness_assay_4,B,2
Q67K,,Fitness,Fitness_assay_5,B,2
N74H,,Fitness,Fitness_assay_1,B,2
N74H,,Fitness,Fitness_assay_2,B,2
N74H,,Fitness,Fitness_assay_3,B,2
N74H,,Fitness,Fitness_assay_4,B,2
N74H,,Fitness,Fitness_assay_5,B,2
N74K,,Fitness,Fitness_assay_1,B,2
N74K,,Fitness,Fitness_assay_2,B,2
N74K,,Fitness,Fitness_assay_3,B,2
N74K,,Fitness,Fitness_assay_4,B,2
N74K,,Fitness,Fitness_assay_5,B,2
A105T,,Fitness,Fitness_assay_1,B,2
A105T,,Fitness,Fitness_assay_2,B,2
A105T,,Fitness,Fitness_assay_3,B,2
A105T,,Fitness,Fitness_assay_4,B,2
A105T,,Fitness,Fitness_assay_5,B,2
T107A,,Fitness,Fitness_assay_1,B,2
T107A,,Fitness,Fitness_assay_2,B,2
T107A,,Fitness,Fitness_assay_3,B,2
T107A,,Fitness,Fitness_assay_4,B,2
T107A,,Fitness,Fitness_assay_5,B,2
M66I+N74D,,Fitness,Fitness_assay_1,B,2
M66I+N74D,,Fitness,Fitness_assay_2,B,2
M66I+N74D,,Fitness,Fitness_assay_3,B,2
M66I+N74D,,Fitness,Fitness_assay_4,B,2
M66I+N74D,,Fitness,Fitness_assay_5,B,2
M66I+Q67H,,Fitness,Fitness_assay_1,B,2
M66I+Q67H,,Fitness,Fitness_assay_2,B,2
M66I+Q67H,,Fitness,Fitness_assay_3,B,2
M66I+Q67H,,Fitness,Fitness_assay_4,B,2
M66I+Q67H,,Fitness,Fitness_assay_5,B,2
Q67H+N74D,,Fitness,Fitness_assay_1,B,2
Q67H+N74D,,Fitness,Fitness_assay_2,B,2
Q67H+N74D,,Fitness,Fitness_assay_3,B,2
Q67H+N74D,,Fitness,Fitness_assay_4,B,2
Q67H+N74D,,Fitness,Fitness_assay_5,B,2
Q67H+K70R,,Fitness,Fitness_assay_1,B,2
Q67H+K70R,,Fitness,Fitness_assay_2,B,2
Q67H+K70R,,Fitness,Fitness_assay_3,B,2
Q67H+K70R,,Fitness,Fitness_assay_4,B,2
Q67H+K70R,,Fitness,Fitness_assay_5,B,2
N74D+K70R,,Fitness,Fitness_assay_1,B,2
N74D+K70R,,Fitness,Fitness_assay_2,B,2
N74D+K70R,,Fitness,Fitness_assay_3,B,2
N74D+K70R,,Fitness,Fitness_assay_4,B,2
N74D+K70R,,Fitness,Fitness_assay_5,B,2
