Paper,Mutation,Type,Value,FC,Context,Notes,Source,Subtype
Uganda_JAC,T107A,Prevalence,0.9%,0.6,Natural,5/546 participants,JAC2025,Subtype_A1
Uganda_JAC,T107A,Prevalence,0.9%,0.6,Natural,5/546 participants,JAC2025,Subtype_D
Uganda_JAC,T107S,Prevalence,1.6%,1.3,Natural,10/546 participants,JAC2025,Mixed
Uganda_JAC,K70R,Prevalence,0.2%,1.2,Natural,1/546 C/D recombinant,JAC2025,Recombinant
Uganda_JAC,L56M,Prevalence,47.3%,NA,Natural,258/546 participants,JAC2025,Subtype_A1
Uganda_JAC,T107C+Q67H+K70R,Resistance,12.2-fold,12.2,In_vitro,Triple mutant,JAC2025,Subtype_B
Uganda_JAC,Q67H+K70R,Resistance,15-20-fold,17.5,In_vitro,Double mutant,JAC2025,Subtype_B
HIV2_JID,HIV2_WT,IC50,2.2nM,11,In_vitro,Mean 12 isolates vs HIV-1,JID2024,HIV2
HIV2_JID,HIV2_I54M+I84V+L90M,IC50,3.0nM,1.9,In_vitro,PI-resistant mutant,JID2024,HIV2
HIV2_JID,HIV2_K65R+Q151M+M184V,IC50,1.0nM,0.67,In_vitro,RT-resistant mutant,JID2024,HIV2
HIV2_JID,HIV2_G140S+Q148H,IC50,1.4nM,0.89,In_vitro,INSTI-resistant mutant,JID2024,HIV2
HIV2_JID,SIV_WT,IC50,0.81nM,4,In_vitro,Mean 4 isolates,JID2024,SIV
