mutation,subtype,context,n_observations
Q67H,B,in_vitro,2
Q67H,Mixed,clinical,1
GCSMs_median,Mixed,in_vitro,1
SDM_GCSMs,Mixed,in_vitro,1
Multiclass_resistant,Mixed,in_vitro,1
L56V,Mixed,in_vitro,1
L56V,CRF02_AG,in_vitro,1
N57H,Mixed,in_vitro,1
N57H,D,in_vitro,1
M66I,B,in_vitro,2
N74D,B,in_vitro,1
Q67H+N74D,B,in_vitro,1
Q67H+K70R,B,in_vitro,2
Q67H+K70R,Clinical_isolate,clinical,1
M66I+N74D+A105T,Mixed,clinical,1
M66I+A105T,Clinical_isolate,clinical,1
M66I+T107A,Clinical_isolate,clinical,1
Q67K+K70H,Clinical_isolate,clinical,1
K70N+N74K,Clinical_isolate,clinical,1
Q67H+T107N,Subtype_B,in_vitro,1
Q67H+N74S,Subtype_B,in_vitro,1
K436E+I437T,Subtype_B,in_vitro,1
L56V+N57H,Primary_T_cells,in_vitro,1
