Source,Mutation,FC,EC50,Context,Subtype,Quality,Notes,source_file,EC50_nM,Sample_Size,IC50,Prevalence,PDB_ID,Concentration,Measurement_Type,Value,Type,Infectivity_WT,Clinical_Context,Combination,Model,Synergy_Score,P_value,Interaction_Type,Count,Percentage,Parameter,Unit,Replication_Capacity,Infectivity_Percent_WT,Subtype_Prevalence,FC_numeric,log10_FC,outlier_flag,Subtype_original,region,binding_site,mechanism,context_tier,assay_type,study_source,quality_score,observation_id,mutation_type,data_provenance,harmonized_date
NATAP2022,Q67H,6.0,,In_vitro,B,3.0,Low-level resistance,natap2022_extracted_quantitative.csv,,,,,,,,,,,,,,,,,,,,,,,,6.0,0.7781512503836436,False,B,NTD-CTD_interface,hydrophobic_pocket,conformational_switch,in_vitro,MT-4_cells,NATAP2022,3.0,OBS_001,single,NATAP2022_in_vitro_MT-4_cells,2026-04-22T20:50:24.030701
PMC8092519,GCSMs_median,0.8,,In_vitro,Mixed,3.0,Treatment-naive isolates,pmc_extracted_batch1.csv,,15.0,,,,,,,,,,,,,,,,,,,,,,0.8,-0.0969100130080563,False,Mixed,,,,in_vitro,unknown,PMC8092519,3.0,OBS_002,single,PMC8092519_in_vitro_unknown,2026-04-22T20:50:24.030701
PMC8092519,SDM_GCSMs,1.0,,In_vitro,Mixed,3.0,Site-directed mutagenesis,pmc_extracted_batch1.csv,,19.0,,,,,,,,,,,,,,,,,,,,,,1.0,0.0,False,Mixed,,,,in_vitro,unknown,PMC8092519,3.0,OBS_003,single,PMC8092519_in_vitro_unknown,2026-04-22T20:50:24.030701
PMC8092519,Multiclass_resistant,0.65,,In_vitro,Mixed,3.0,No cross-resistance,pmc_extracted_batch1.csv,,40.0,,,,,,,,,,,,,,,,,,,,,,0.65,-0.1870866433571444,False,Mixed,,,,in_vitro,unknown,PMC8092519,3.0,OBS_004,single,PMC8092519_in_vitro_unknown,2026-04-22T20:50:24.030701
PMC12077089,L56V,72.0,,In_vitro,Mixed,3.0,Steric clash with di-fluoro-benzyl,pmc_extracted_batch1.csv,,10057.0,,,,,,,,,,,,,,,,,,,,,,72.0,1.8573324964312683,False,Mixed,NTD-CTD_interface,hydrophobic_pocket,steric_clash,in_vitro,MT-2_cells,PMC12077089,3.0,OBS_005,single,PMC12077089_in_vitro_MT-2_cells,2026-04-22T20:50:24.030701
PMC12077089,N57H,4890.0,,In_vitro,Mixed,3.0,H-bond loss,pmc_extracted_batch1.csv,,10057.0,,,,,,,,,,,,,,,,,,,,,,4890.0,3.68930885912362,False,Mixed,NTD-CTD_interface,hydrophobic_pocket,H-bond_loss,in_vitro,MT-2_cells,PMC12077089,3.0,OBS_006,single,PMC12077089_in_vitro_MT-2_cells,2026-04-22T20:50:24.030701
EMJ2025,Q67H,4.7,,Clinical,Mixed,3.0,One participant developed Q67H with 4.7-fold change,clinical_trials_2025_extracted.csv,,,,,,,,,,,,,,,,,,,,,,,,4.7,0.6720978579357175,False,Mixed,NTD-CTD_interface,hydrophobic_pocket,conformational_switch,clinical,unknown,EMJ2025,3.0,OBS_007,single,EMJ2025_clinical_unknown,2026-04-22T20:50:24.030701
Structural_2025,M66I,3200.0,444nM,In_vitro,B,3.0,KFA-027 vs M66I; >20-fold improvement over LEN,structural_mechanism_2025.csv,,,,,9N0V,,,,,,,,,,,,,,,,,,,3200.0,3.505149978319906,False,B,NTD-CTD_interface,hydrophobic_pocket,steric_hindrance,in_vitro,unknown,Structural,3.0,OBS_008,single,Structural_in_vitro_unknown,2026-04-22T20:50:24.030701
PMID40231850,M66I,3200.0,,In_vitro,B,3.0,"Highest resistance, steric hindrance",web_search_extracted_2026.csv,,,,,,,,,,,,,,,,,,,,,,,,3200.0,3.505149978319906,False,Subtype_B,NTD-CTD_interface,hydrophobic_pocket,steric_hindrance,in_vitro,unknown,PMID40231850,3.0,OBS_009,single,PMID40231850_in_vitro_unknown,2026-04-22T20:50:24.030701
PMC9600929,Q67H,5.0,,In_vitro,B,3.0,"Kd fold change, dissociation rate affected",web_search_extracted_2026.csv,,,,,,,,,,,,,,,,,,,,,,,,5.0,0.6989700043360189,False,Subtype_B,NTD-CTD_interface,hydrophobic_pocket,conformational_switch,in_vitro,MT-4_cells,PMC9600929,3.0,OBS_010,single,PMC9600929_in_vitro_MT-4_cells,2026-04-22T20:50:24.030701
PMC9600929,N74D,20.0,,In_vitro,B,3.0,"Kd fold change, both kon and koff affected",web_search_extracted_2026.csv,,,,,,,,,,,,,,,,,,,,,,,,20.0,1.3010299956639813,False,Subtype_B,NTD-CTD_interface,hydrophobic_pocket,electrostatic_repulsion,in_vitro,MT-4_cells,PMC9600929,3.0,OBS_011,single,PMC9600929_in_vitro_MT-4_cells,2026-04-22T20:50:24.030701
PMC9600929,Q67H+N74D,150.0,,In_vitro,B,3.0,Double mutant synergy,web_search_extracted_2026.csv,,,,,,,,,,,,,,,,,,,,,,,,150.0,2.1760912590556813,False,Subtype_B,NTD-CTD_interface,hydrophobic_pocket,conformational_switch,in_vitro,MT-4_cells,PMC9600929,3.0,OBS_012,double,PMC9600929_in_vitro_MT-4_cells,2026-04-22T20:50:24.030701
PMC9600929,Q67H+K70R,0.59,,In_vitro,B,3.0,1.7-fold improved potency with KFA-012,web_search_extracted_2026.csv,,,,,,,,,,,,,,,,,,,,,,,,0.59,-0.2291479883578558,False,Subtype_B,NTD-CTD_interface,hydrophobic_pocket,conformational_switch,in_vitro,MT-4_cells,PMC9600929,3.0,OBS_013,double,PMC9600929_in_vitro_MT-4_cells,2026-04-22T20:50:24.030701
PMC12077089,L56V,72.0,,In_vitro,CRF02_AG,3.0,Steric clash with di-fluoro-benzyl,supplementary_mutations_2026.csv,,,,,,,,,,,,,,,,,,,,,,,,72.0,1.8573324964312683,False,CRF02_AG,NTD-CTD_interface,hydrophobic_pocket,steric_clash,in_vitro,MT-2_cells,PMC12077089,3.0,OBS_014,single,PMC12077089_in_vitro_MT-2_cells,2026-04-22T20:50:24.030701
PMC12077089,N57H,4890.0,,In_vitro,D,3.0,H-bond loss with LEN,supplementary_mutations_2026.csv,,,,,,,,,,,,,,,,,,,,,,,,4890.0,3.68930885912362,False,Subtype_D,NTD-CTD_interface,hydrophobic_pocket,H-bond_loss,in_vitro,MT-2_cells,PMC12077089,3.0,OBS_015,single,PMC12077089_in_vitro_MT-2_cells,2026-04-22T20:50:24.030701
CAPELLA,M66I+N74D+A105T,1337.0,,Clinical,Mixed,3.0,Triple mutant with fitness restoration,supplementary_mutations_2026.csv,,,,,,,,,,,,,,,,,,,,,,,,1337.0,3.126131407261985,False,Mixed,NTD-CTD_interface,hydrophobic_pocket,steric_hindrance,clinical,PBMC,CAPELLA,3.0,OBS_016,double,CAPELLA_clinical_PBMC,2026-04-22T20:50:24.030701
JID2025,M66I+A105T,111.0,,Clinical,Clinical_isolate,5.0,CAPELLA Participant 7,double_mutants_comprehensive.csv,,,,,,,,,,,,,,,,,,,,,,,,111.0,2.0453229787866576,False,Clinical_isolate,NTD-CTD_interface,hydrophobic_pocket,steric_hindrance,clinical,PBMC,JID2025,5.0,OBS_017,double,JID2025_clinical_PBMC,2026-04-22T20:50:24.030701
JID2025,M66I+T107A,234.0,,Clinical,Clinical_isolate,5.0,CAPELLA Participant 9,double_mutants_comprehensive.csv,,,,,,,,,,,,,,,,,,,,,,,,234.0,2.369215857410143,False,Clinical_isolate,NTD-CTD_interface,hydrophobic_pocket,steric_hindrance,clinical,PBMC,JID2025,5.0,OBS_018,double,JID2025_clinical_PBMC,2026-04-22T20:50:24.030701
JID2025,Q67K+K70H,167.0,,Clinical,Clinical_isolate,5.0,CAPELLA Participant 8,double_mutants_comprehensive.csv,,,,,,,,,,,,,,,,,,,,,,,,167.0,2.222716471147584,False,Clinical_isolate,NTD-CTD_interface,hydrophobic_pocket,conformational_switch,clinical,PBMC,JID2025,5.0,OBS_019,double,JID2025_clinical_PBMC,2026-04-22T20:50:24.030701
JID2025,K70N+N74K,289.0,,Clinical,Clinical_isolate,5.0,CAPELLA Participant 11,double_mutants_comprehensive.csv,,,,,,,,,,,,,,,,,,,,,,,,289.0,2.460897842756548,False,Clinical_isolate,NTD-CTD_interface,adjacent,electrostatic,clinical,PBMC,JID2025,5.0,OBS_020,double,JID2025_clinical_PBMC,2026-04-22T20:50:24.030701
NATAP2022,Q67H+T107N,,,In_vitro,Subtype_B,4.0,Combination variant,double_mutants_comprehensive.csv,,,,,,,,,,,,,,,,,,,,,,,,,,False,Subtype_B,NTD-CTD_interface,hydrophobic_pocket,conformational_switch,in_vitro,MT-4_cells,NATAP2022,4.0,OBS_021,double,NATAP2022_in_vitro_MT-4_cells,2026-04-22T20:50:24.030701
NATAP2022,Q67H+N74S,,,In_vitro,Subtype_B,4.0,Combination variant,double_mutants_comprehensive.csv,,,,,,,,,,,,,,,,,,,,,,,,,,False,Subtype_B,NTD-CTD_interface,hydrophobic_pocket,conformational_switch,in_vitro,MT-4_cells,NATAP2022,4.0,OBS_022,double,NATAP2022_in_vitro_MT-4_cells,2026-04-22T20:50:24.030701
AAC_2021,K436E+I437T,1.6,,In_vitro,Subtype_B,4.0,C-terminal domain double mutation,double_mutants_comprehensive.csv,,,,,,,,,,,,,,,,,,,,,,,,1.6,0.2041199826559248,False,Subtype_B,CTD,distal,electrostatic,in_vitro,unknown,AAC,4.0,OBS_023,double,AAC_in_vitro_unknown,2026-04-22T20:50:24.030701
PMC12077089,L56V+N57H,,,In_vitro,Primary_T_cells,5.0,Diminished replication: 2.5-fold vs 3-log for WT over 14d,double_mutants_comprehensive.csv,,,,,,,,,,,,,,,,,,,,,,,,,,False,Primary_T_cells,NTD-CTD_interface,hydrophobic_pocket,steric_clash,in_vitro,MT-2_cells,PMC12077089,5.0,OBS_024,double,PMC12077089_in_vitro_MT-2_cells,2026-04-22T20:50:24.030701
JAC2025,Q67H+K70R,17.5,,In_vitro,B,5.0,"Uganda A1/D subtype study, in vitro phenotyping",double_mutants_comprehensive.csv,,,,,,,,,,,,,,,,,,,,,,,,17.5,1.2430380486862518,False,Subtype_B,NTD-CTD_interface,hydrophobic_pocket,conformational_switch,in_vitro,unknown,JAC2025,5.0,OBS_025,double,JAC2025_in_vitro_unknown,2026-04-22T20:50:24.030701
JID2025,Q67H+K70R,46.3,,Clinical,Clinical_isolate,5.0,"CAPELLA Participant 5, clinical isolate with treatment failure",double_mutants_comprehensive.csv,,,,,,,,,,,,,,,,,,,,,,,,46.3,1.665580991017953,False,Clinical_isolate,NTD-CTD_interface,hydrophobic_pocket,conformational_switch,clinical,PBMC,JID2025,5.0,OBS_026,double,JID2025_clinical_PBMC,2026-04-22T20:50:24.030701
