Mutation,FC_mean,FC_std,count,log10_mean,log10_std
N57H,4890.0,0.0,2,3.689,0.0
M66I,3200.0,0.0,2,3.505,0.0
M66I+N74D+A105T,1337.0,,1,3.126,
K70N+N74K,289.0,,1,2.461,
M66I+T107A,234.0,,1,2.369,
Q67K+K70H,167.0,,1,2.223,
Q67H+N74D,150.0,,1,2.176,
M66I+A105T,111.0,,1,2.045,
L56V,72.0,0.0,2,1.857,0.0
Q67H+K70R,21.463,23.111,3,0.893,0.995
N74D,20.0,,1,1.301,
Q67H,5.233,0.681,3,0.716,0.055
K436E+I437T,1.6,,1,0.204,
SDM_GCSMs,1.0,,1,0.0,
GCSMs_median,0.8,,1,-0.097,
Multiclass_resistant,0.65,,1,-0.187,
